,rk_pass,player,age_pass,team_pass,pos_pass,g_pass,gs_pass,qbrec,cmp,att_pass,cmp%,yds_pass,td_pass,td%,int,int%,1d_pass,succ%_pass,lng_pass,y/a_pass,ay/a,y/c,y/g_pass,rate,qbr,sk,yds.1,sk%,ny/a,any/a,4qc,gwd,awards_pass,player-additional_pass,year,rk_rush,age_rush,team_rush,pos_rush,g_rush,gs_rush,att_rush,yds_rush,td_rush,1d_rush,succ%_rush,lng_rush,y/a_rush,y/g_rush,a/g,fmb,awards_rush,player-additional_rush
0,23.0,Joshua Dobbs,28.0,2TM,QB,13.0,12.0,3/9/00,262.0,417.0,62.8,2464.0,13.0,3.1,10.0,2.4,126.0,41.6,69.0,5.9,5.45,9.4,189.5,79.5,,30.0,217.0,6.71,5.03,4.6,1.0,1.0,,DobbJo00,2023.0,62,28,2TM,QB,13,12,77,421,6,31,49.4,44.0,5.5,32.4,5.9,14,,DobbJo00
1,29.0,Baker Mayfield,27.0,2TM,QB,12.0,10.0,2/8/00,201.0,335.0,60.0,2163.0,10.0,3.0,8.0,2.4,94.0,38.0,75.0,6.5,5.98,10.8,180.3,79.0,,36.0,217.0,9.7,5.25,4.81,1.0,1.0,,MayfBa00,2022.0,109,27,2TM,QB,12,10,31,89,1,7,29.0,17.0,2.9,7.4,2.6,9,,MayfBa00
2,1.0,Joe Burrow,28.0,CIN,QB,17.0,17.0,9/8/00,460.0,652.0,70.6,4918.0,43.0,6.6,9.0,1.4,253.0,53.6,70.0,7.5,8.24,10.7,289.3,108.5,72.1,48.0,278.0,6.86,6.63,7.28,1.0,2.0,PBAP MVP-4AP OPoY-5AP CPoY-1,BurrJo01,2024.0,95,28,CIN,QB,17,17,42,201,2,16,47.6,47.0,4.8,11.8,2.5,11,PBAP MVP-4AP OPoY-5AP CPoY-1,BurrJo01
3,2.0,Jared Goff,30.0,DET,QB,17.0,17.0,15-2-0,390.0,539.0,72.4,4629.0,37.0,6.9,12.0,2.2,236.0,54.7,82.0,8.6,8.96,11.9,272.3,111.8,65.4,31.0,234.0,5.44,7.71,8.06,4.0,4.0,PBAP MVP-5AP OPoY-9,GoffJa00,2024.0,106,30,DET,QB,17,17,35,56,0,9,34.3,10.0,1.6,3.3,2.1,6,PBAP MVP-5AP OPoY-9,GoffJa00
4,3.0,Baker Mayfield,29.0,TAM,QB,17.0,17.0,10/7/00,407.0,570.0,71.4,4500.0,41.0,7.2,16.0,2.8,224.0,53.9,57.0,7.9,8.07,11.1,264.7,106.8,58.4,40.0,248.0,6.56,6.97,7.13,2.0,2.0,PBAP MVP-11AP OPoY-11,MayfBa00,2024.0,75,29,TAM,QB,17,17,60,378,3,24,51.7,28.0,6.3,22.2,3.5,13,PBAP MVP-11AP OPoY-11,MayfBa00
5,4.0,Geno Smith,34.0,SEA,QB,17.0,17.0,10/7/00,407.0,578.0,70.4,4320.0,21.0,3.6,15.0,2.6,209.0,48.4,71.0,7.5,7.03,10.6,254.1,93.2,50.4,50.0,338.0,7.96,6.34,5.93,4.0,4.0,,SmitGe00,2024.0,85,34,SEA,QB,17,17,53,272,2,17,35.8,34.0,5.1,16.0,3.1,9,,SmitGe00
6,5.0,Sam Darnold,27.0,MIN,QB,17.0,17.0,14-3-0,361.0,545.0,66.2,4319.0,35.0,6.4,12.0,2.2,207.0,47.7,97.0,7.9,8.22,12.0,254.1,102.5,57.3,48.0,335.0,8.09,6.72,6.99,3.0,5.0,PBAP MVP-10AP CPoY-3,DarnSa00,2024.0,68,27,MIN,QB,17,17,67,212,1,23,41.8,19.0,3.2,12.5,3.9,8,PBAP MVP-10AP CPoY-3,DarnSa00
7,6.0,Lamar Jackson,27.0,BAL,QB,17.0,17.0,12/5/00,316.0,474.0,66.7,4172.0,41.0,8.6,4.0,0.8,198.0,51.3,84.0,8.8,10.15,13.2,245.4,119.6,74.8,23.0,149.0,4.63,8.09,9.38,2.0,2.0,PBAP-1AP MVP-2AP OPoY-2,JackLa00,2024.0,490,27,BAL,QB,17,17,139,915,4,47,56.1,48.0,6.6,53.8,8.2,10,,
8,7.0,Patrick Mahomes,29.0,KAN,QB,16.0,16.0,15-1-0,392.0,581.0,67.5,3928.0,26.0,4.5,11.0,1.9,214.0,50.7,54.0,6.8,6.8,10.0,245.5,93.5,64.6,36.0,239.0,5.83,5.98,6.02,5.0,7.0,AP MVP-6AP OPoY-17,MahoPa00,2024.0,77,29,KAN,QB,16,16,58,307,2,22,50.0,33.0,5.3,19.2,3.6,2,AP MVP-6AP OPoY-17,MahoPa00
9,8.0,Aaron Rodgers,41.0,NYJ,QB,17.0,17.0,5/12/00,368.0,584.0,63.0,3897.0,28.0,4.8,11.0,1.9,192.0,43.9,71.0,6.7,6.78,10.6,229.2,90.5,44.7,40.0,302.0,6.41,5.76,5.87,2.0,3.0,AP CPoY-7,RodgAa00,2024.0,131,41,NYJ,QB,17,17,22,107,0,7,40.9,18.0,4.9,6.3,1.3,5,AP CPoY-7,RodgAa00
10,9.0,Justin Herbert,26.0,LAC,QB,17.0,17.0,11/6/00,332.0,504.0,65.9,3870.0,23.0,4.6,3.0,0.6,175.0,44.4,66.0,7.7,8.32,11.7,227.6,101.7,61.7,41.0,244.0,7.52,6.65,7.25,1.0,2.0,AP MVP-9AP CPoY-12,HerbJu00,2024.0,66,26,LAC,QB,17,17,69,306,2,23,46.4,41.0,4.4,18.0,4.1,6,AP MVP-9AP CPoY-12,HerbJu00
11,10.0,Brock Purdy,25.0,SFO,QB,15.0,15.0,6/9/00,300.0,455.0,65.9,3864.0,20.0,4.4,12.0,2.6,178.0,49.4,76.0,8.5,8.18,12.9,257.6,96.1,64.8,31.0,156.0,6.38,7.63,7.34,1.0,1.0,,PurdBr00,2024.0,71,25,SFO,QB,15,15,66,323,5,33,63.6,16.0,4.9,21.5,4.4,7,,PurdBr00
12,11.0,Kyler Murray,27.0,ARI,QB,17.0,17.0,8/9/00,372.0,541.0,68.8,3851.0,21.0,3.9,11.0,2.0,191.0,51.7,60.0,7.1,6.98,10.4,226.5,93.5,63.4,30.0,220.0,5.25,6.36,6.23,3.0,3.0,AP CPoY-10,MurrKy00,2024.0,59,27,ARI,QB,17,17,78,572,5,27,52.6,50.0,7.3,33.6,4.6,8,AP CPoY-10,MurrKy00
13,12.0,Bo Nix,24.0,DEN,QB,17.0,17.0,10/7/00,376.0,567.0,66.3,3775.0,29.0,5.1,12.0,2.1,170.0,43.7,93.0,6.7,6.73,10.0,222.1,93.3,53.5,24.0,198.0,4.06,6.05,6.12,3.0,3.0,AP ORoY-3,NixxBo00,2024.0,492,24,DEN,QB,17,17,92,430,4,41,53.3,32.0,4.7,25.3,5.4,3,,
14,13.0,Matthew Stafford,36.0,LAR,QB,16.0,16.0,10/6/00,340.0,517.0,65.8,3762.0,20.0,3.9,8.0,1.5,176.0,50.1,69.0,7.3,7.35,11.1,235.1,93.7,61.5,28.0,213.0,5.14,6.51,6.59,3.0,5.0,,StafMa00,2024.0,118,36,LAR,QB,16,16,30,41,0,10,36.7,15.0,1.4,2.6,1.9,6,,StafMa00
15,14.0,Josh Allen,28.0,BUF,QB,17.0,17.0,13-4-0,307.0,483.0,63.6,3731.0,28.0,5.8,6.0,1.2,173.0,49.1,64.0,7.7,8.33,12.2,219.5,101.4,74.8,14.0,63.0,2.82,7.38,7.96,0.0,2.0,PBAP-2AP MVP-1AP OPoY-6,AlleJo02,2024.0,491,28,BUF,QB,17,17,102,531,12,52,64.7,30.0,5.2,31.2,6.0,5,,
16,15.0,C.J. Stroud,23.0,HOU,QB,17.0,17.0,10/7/00,336.0,532.0,63.2,3727.0,20.0,3.8,12.0,2.3,187.0,43.0,67.0,7.0,6.74,11.1,219.2,87.0,46.4,52.0,408.0,8.9,5.68,5.44,1.0,2.0,,StroCJ00,2024.0,86,23,HOU,QB,17,17,52,233,0,14,38.5,25.0,4.5,13.7,3.1,6,,StroCJ00
17,16.0,Jayden Daniels,24.0,WAS,QB,17.0,17.0,12/5/00,331.0,480.0,69.0,3568.0,25.0,5.2,9.0,1.9,170.0,47.1,86.0,7.4,7.63,10.8,209.9,100.1,67.7,47.0,238.0,8.92,6.32,6.5,4.0,4.0,PBAP MVP-7AP OPoY-17AP ORoY-1,DaniJa02,2024.0,489,24,WAS,QB,17,17,148,891,6,55,62.8,46.0,6.0,52.4,8.7,5,,
18,17.0,Caleb Williams,23.0,CHI,QB,17.0,17.0,5/12/00,351.0,562.0,62.5,3541.0,20.0,3.6,6.0,1.1,171.0,40.3,47.0,6.3,6.53,10.1,208.3,87.8,43.3,68.0,466.0,10.79,4.88,5.09,2.0,1.0,AP ORoY-10,WillCa03,2024.0,494,23,CHI,QB,17,17,81,489,0,27,51.9,24.0,6.0,28.8,4.8,10,,
19,18.0,Kirk Cousins,36.0,ATL,QB,14.0,14.0,7/7/00,303.0,453.0,66.9,3508.0,18.0,4.0,16.0,3.5,163.0,46.4,60.0,7.7,6.95,11.6,250.6,88.6,47.0,28.0,201.0,5.82,6.88,6.13,3.0,3.0,AP CPoY-13,CousKi00,2024.0,128,36,ATL,QB,14,14,23,0,0,2,13.0,,0.0,0.0,1.6,13,AP CPoY-13,CousKi00
20,19.0,Jordan Love,26.0,GNB,QB,15.0,15.0,9/6/00,268.0,425.0,63.1,3389.0,25.0,5.9,11.0,2.6,151.0,48.3,70.0,8.0,7.99,12.6,225.9,96.7,66.3,14.0,95.0,3.19,7.5,7.51,2.0,2.0,,LoveJo03,2024.0,124,26,GNB,QB,15,15,25,83,1,9,44.0,14.0,3.3,5.5,1.7,4,,LoveJo03
21,20.0,Jalen Hurts,26.0,PHI,QB,15.0,15.0,12/3/00,248.0,361.0,68.7,2903.0,18.0,5.0,5.0,1.4,139.0,46.6,67.0,8.0,8.42,11.7,193.5,103.7,62.5,38.0,271.0,9.52,6.6,6.93,3.0,4.0,,HurtJa00,2024.0,488,26,PHI,QB,15,15,150,630,14,62,55.3,35.0,4.2,42.0,10.0,9,,
22,22.0,Russell Wilson,36.0,PIT,QB,11.0,11.0,6/5/00,214.0,336.0,63.7,2482.0,16.0,4.8,5.0,1.5,112.0,43.6,46.0,7.4,7.67,11.6,225.6,95.6,47.9,33.0,219.0,8.94,6.13,6.39,1.0,1.0,PBAP CPoY-14,WilsRu00,2024.0,93,36,PIT,QB,11,11,43,155,2,16,46.5,19.0,3.6,14.1,3.9,5,PBAP CPoY-14,WilsRu00
23,23.0,Bryce Young,23.0,CAR,QB,14.0,12.0,4/8/00,234.0,384.0,60.9,2403.0,15.0,3.9,9.0,2.3,117.0,39.0,83.0,6.3,5.98,10.3,171.6,82.2,50.7,29.0,186.0,7.02,5.37,5.11,1.0,4.0,,YounBr01,2024.0,94,23,CAR,QB,14,12,43,249,6,15,53.5,34.0,5.8,17.8,3.1,5,,YounBr01
24,24.0,Drake Maye,22.0,NWE,QB,13.0,12.0,3/9/00,225.0,338.0,66.6,2276.0,15.0,4.4,10.0,3.0,112.0,46.0,40.0,6.7,6.29,10.1,175.1,88.1,55.2,34.0,229.0,9.14,5.5,5.1,0.0,0.0,PBAP ORoY-8,MayeDr00,2024.0,84,22,NWE,QB,13,12,54,421,2,22,64.8,41.0,7.8,32.4,4.2,9,PBAP ORoY-8,MayeDr00
25,26.0,Jameis Winston,30.0,CLE,QB,12.0,7.0,2/5/00,181.0,296.0,61.1,2121.0,13.0,4.4,12.0,4.1,103.0,44.1,89.0,7.2,6.22,11.7,176.8,80.6,52.2,24.0,130.0,7.5,6.22,5.35,2.0,2.0,,WinsJa00,2024.0,126,30,CLE,QB,12,7,25,83,1,17,76.0,13.0,3.3,6.9,2.1,5,,WinsJa00
26,27.0,Will Levis,25.0,TEN,QB,12.0,12.0,2/10/00,190.0,301.0,63.1,2091.0,13.0,4.3,12.0,4.0,86.0,36.5,98.0,6.9,6.02,11.0,174.3,81.4,25.2,41.0,233.0,11.99,5.43,4.61,1.0,1.0,,LeviWi00,2024.0,91,25,TEN,QB,12,12,45,183,0,20,48.9,21.0,4.1,15.3,3.8,10,,LeviWi00
27,28.0,Daniel Jones,27.0,NYG,QB,10.0,10.0,2/8/00,216.0,341.0,63.3,2070.0,8.0,2.3,7.0,2.1,106.0,43.0,43.0,6.1,5.62,9.6,207.0,79.4,44.4,29.0,172.0,7.84,5.13,4.71,0.0,0.0,,JoneDa05,2024.0,69,27,NYG,QB,10,10,67,265,2,26,59.7,24.0,4.0,26.5,6.7,4,,JoneDa05
28,29.0,Trevor Lawrence,25.0,JAX,QB,10.0,10.0,2/8/00,172.0,284.0,60.6,2045.0,11.0,3.9,7.0,2.5,97.0,45.4,85.0,7.2,6.87,11.9,204.5,85.2,56.1,18.0,140.0,5.96,6.31,5.99,0.0,1.0,,LawrTr00,2024.0,121,25,JAX,QB,10,10,26,119,3,13,57.7,33.0,4.6,11.9,2.6,3,,LawrTr00
29,32.0,Cooper Rush,31.0,DAL,QB,12.0,8.0,4/4/00,187.0,308.0,60.7,1844.0,12.0,3.9,5.0,1.6,92.0,42.4,64.0,6.0,6.04,9.9,153.7,83.8,37.8,13.0,95.0,4.05,5.45,5.5,0.0,0.0,,RushCo00,2024.0,122,31,DAL,QB,12,8,26,18,0,5,26.9,9.0,0.7,1.5,2.2,9,,RushCo00
30,33.0,Anthony Richardson,22.0,IND,QB,11.0,11.0,6/5/00,126.0,264.0,47.7,1814.0,8.0,3.0,12.0,4.5,73.0,36.0,69.0,6.9,5.43,14.4,164.9,61.6,47.4,14.0,115.0,5.04,6.11,4.74,2.0,3.0,AP CPoY-25,RichAn03,2024.0,493,22,IND,QB,11,11,86,499,6,34,58.1,29.0,5.8,45.4,7.8,9,AP CPoY-25,
31,35.0,Mac Jones,26.0,JAX,QB,10.0,7.0,2/5/00,171.0,262.0,65.3,1672.0,8.0,3.1,8.0,3.1,77.0,42.8,62.0,6.4,5.62,9.8,167.2,80.5,36.6,14.0,100.0,5.07,5.7,4.97,1.0,1.0,,JoneMa05,2024.0,119,26,JAX,QB,10,7,28,92,1,12,50.0,13.0,3.3,9.2,2.8,2,,JoneMa05
32,36.0,Aidan O'Connell,26.0,LVR,QB,9.0,7.0,2/5/00,154.0,243.0,63.4,1612.0,8.0,3.3,4.0,1.6,78.0,47.8,58.0,6.6,6.55,10.5,179.1,86.7,46.0,10.0,82.0,3.95,6.05,5.97,1.0,1.0,,OConAi00,2024.0,132,26,LVR,QB,9,7,21,30,1,10,52.4,13.0,1.4,3.3,2.3,2,,OConAi00
33,37.0,Mason Rudolph,29.0,TEN,QB,8.0,5.0,1/4/00,146.0,228.0,64.0,1530.0,9.0,3.9,9.0,3.9,78.0,49.0,47.0,6.7,5.72,10.5,191.3,80.1,52.2,11.0,71.0,4.6,6.1,5.16,0.0,1.0,,RudoMa00,2024.0,125,29,TEN,QB,8,5,25,106,1,13,60.0,14.0,4.2,13.3,3.1,5,,RudoMa00
34,39.0,Deshaun Watson,29.0,CLE,QB,7.0,7.0,1/6/00,137.0,216.0,63.4,1148.0,5.0,2.3,3.0,1.4,49.0,33.3,35.0,5.3,5.15,8.4,164.0,79.0,21.0,33.0,191.0,13.25,3.84,3.7,0.0,0.0,,WatsDe00,2024.0,114,29,CLE,QB,7,7,31,148,1,8,41.9,16.0,4.8,21.1,4.4,5,,WatsDe00
35,40.0,Justin Fields,25.0,PIT,QB,10.0,6.0,4/2/00,106.0,161.0,65.8,1106.0,5.0,3.1,1.0,0.6,45.0,42.9,55.0,6.9,7.21,10.4,110.6,93.3,47.4,16.0,124.0,9.04,5.55,5.86,0.0,1.0,,FielJu00,2024.0,74,25,PIT,QB,10,6,62,289,5,19,54.8,30.0,4.7,28.9,6.2,6,,FielJu00
36,43.0,Tyler Huntley,26.0,MIA,QB,5.0,5.0,2/3/00,86.0,133.0,64.7,829.0,3.0,2.3,3.0,2.3,45.0,40.5,25.0,6.2,5.67,9.6,165.8,80.1,32.2,15.0,92.0,10.14,4.98,4.47,1.0,1.0,,HuntTy01,2024.0,120,26,MIA,QB,5,5,26,135,2,10,50.0,20.0,5.2,27.0,5.2,6,,HuntTy01
37,48.0,Dorian Thompson-Robinson,25.0,CLE,QB,7.0,2.0,0-2-0,61.0,118.0,51.7,440.0,0.0,0.0,6.0,5.1,20.0,27.8,29.0,3.7,1.44,7.2,62.9,39.5,17.3,8.0,47.0,6.35,3.12,0.98,0.0,0.0,,ThomDo02,2024.0,133,25,CLE,QB,7,2,21,122,0,9,61.9,34.0,5.8,17.4,3.0,3,,ThomDo02
38,1.0,Tua Tagovailoa,25.0,MIA,QB,17.0,17.0,11/6/00,388.0,560.0,69.3,4624.0,29.0,5.2,14.0,2.5,222.0,50.8,78.0,8.3,8.17,11.9,272.0,101.1,61.5,29.0,171.0,4.92,7.56,7.48,2.0,2.0,PBAP CPoY-5,TagoTu00,2023.0,107,25,MIA,QB,17,17,35,74,0,5,20.0,9.0,2.1,4.4,2.1,13,PBAP CPoY-5,TagoTu00
39,2.0,Jared Goff,29.0,DET,QB,17.0,17.0,12/5/00,407.0,605.0,67.3,4575.0,30.0,5.0,12.0,2.0,227.0,50.9,70.0,7.6,7.66,11.2,269.1,97.9,61.1,30.0,197.0,4.72,6.89,6.99,2.0,3.0,,GoffJa00,2023.0,110,29,DET,QB,17,17,32,21,2,5,21.9,11.0,0.7,1.2,1.9,6,,GoffJa00
40,3.0,Dak Prescott,30.0,DAL,QB,17.0,17.0,12/5/00,410.0,590.0,69.5,4516.0,36.0,6.1,9.0,1.5,222.0,51.5,92.0,7.7,8.19,11.0,265.6,105.9,73.4,39.0,255.0,6.2,6.77,7.28,2.0,3.0,PBAP-2AP MVP-2AP OPoY-5,PresDa01,2023.0,75,30,DAL,QB,17,17,55,242,2,21,52.7,22.0,4.4,14.2,3.2,4,PBAP-2AP MVP-2AP OPoY-5,PresDa01
41,4.0,Josh Allen,27.0,BUF,QB,17.0,17.0,11/6/00,385.0,579.0,66.5,4306.0,29.0,5.0,18.0,3.1,199.0,50.7,81.0,7.4,7.04,11.2,253.3,92.2,70.3,24.0,152.0,3.98,6.89,6.51,2.0,4.0,AP MVP-5AP OPoY-6,AlleJo02,2023.0,45,27,BUF,QB,17,17,111,524,15,57,65.8,23.0,4.7,30.8,6.5,7,AP MVP-5AP OPoY-6,AlleJo02
42,5.0,Brock Purdy,24.0,SFO,QB,16.0,16.0,12/4/00,308.0,444.0,69.4,4280.0,31.0,7.0,11.0,2.5,192.0,54.7,76.0,9.6,9.92,13.9,267.5,113.0,73.4,28.0,153.0,5.93,8.74,9.01,0.0,0.0,PBAP MVP-4AP OPoY-6AP CPoY-6,PurdBr00,2023.0,96,24,SFO,QB,16,16,39,144,2,15,53.8,17.0,3.7,9.0,2.4,6,PBAP MVP-4AP OPoY-6AP CPoY-6,PurdBr00
43,6.0,Patrick Mahomes,28.0,KAN,QB,16.0,16.0,10/6/00,401.0,597.0,67.2,4183.0,27.0,4.5,14.0,2.3,206.0,48.2,67.0,7.0,6.86,10.4,261.4,92.6,63.9,27.0,186.0,4.33,6.41,6.26,1.0,2.0,PBAP MVP-7,MahoPa00,2023.0,64,28,KAN,QB,16,16,75,389,0,27,50.7,25.0,5.2,24.3,4.7,5,PBAP MVP-7,MahoPa00
44,7.0,Jordan Love,25.0,GNB,QB,17.0,17.0,9/8/00,372.0,579.0,64.2,4159.0,32.0,5.5,11.0,1.9,209.0,47.6,77.0,7.2,7.43,11.2,244.6,96.1,62.9,30.0,242.0,4.93,6.43,6.67,2.0,3.0,,LoveJo03,2023.0,81,25,GNB,QB,17,17,50,247,4,16,44.0,37.0,4.9,14.5,2.9,9,,LoveJo03
45,8.0,C.J. Stroud,22.0,HOU,QB,15.0,15.0,9/6/00,319.0,499.0,63.9,4108.0,23.0,4.6,5.0,1.0,188.0,46.7,75.0,8.2,8.7,12.9,273.9,100.8,58.3,38.0,331.0,7.08,7.03,7.47,1.0,3.0,PBAP MVP-8AP ORoY-1,StroCJ00,2023.0,97,22,HOU,QB,15,15,39,167,3,17,59.0,16.0,4.3,11.1,2.6,8,PBAP MVP-8AP ORoY-1,StroCJ00
46,9.0,Baker Mayfield,28.0,TAM,QB,17.0,17.0,9/8/00,364.0,566.0,64.3,4044.0,28.0,4.9,10.0,1.8,188.0,44.7,75.0,7.1,7.34,11.1,237.9,94.6,55.1,40.0,232.0,6.6,6.29,6.47,1.0,2.0,PBAP CPoY-3,MayfBa00,2023.0,71,28,TAM,QB,17,17,62,163,1,16,35.5,31.0,2.6,9.6,3.6,8,PBAP CPoY-3,MayfBa00
47,10.0,Trevor Lawrence,24.0,JAX,QB,16.0,16.0,8/8/00,370.0,564.0,65.6,4016.0,21.0,3.7,14.0,2.5,179.0,46.4,65.0,7.1,6.75,10.9,251.0,88.5,56.9,35.0,224.0,5.84,6.33,5.98,1.0,2.0,,LawrTr00,2023.0,67,24,JAX,QB,16,16,70,339,4,23,47.1,26.0,4.8,21.2,4.4,12,,LawrTr00
48,11.0,Matthew Stafford,35.0,LAR,QB,15.0,15.0,9/6/00,326.0,521.0,62.6,3965.0,24.0,4.6,11.0,2.1,187.0,47.5,80.0,7.6,7.58,12.2,264.3,92.5,64.2,30.0,205.0,5.44,6.82,6.8,1.0,2.0,PBAP MVP-8AP CPoY-4,StafMa00,2023.0,136,35,LAR,QB,15,15,21,65,0,4,33.3,9.0,3.1,4.3,1.4,0,PBAP MVP-8AP CPoY-4,StafMa00
49,12.0,Sam Howell,23.0,WAS,QB,17.0,17.0,4/13/00,388.0,612.0,63.4,3946.0,21.0,3.4,21.0,3.4,180.0,42.7,51.0,6.4,5.59,10.2,232.1,78.9,43.2,65.0,449.0,9.6,5.17,4.39,2.0,2.0,,HoweSa00,2023.0,84,23,WAS,QB,17,17,48,263,5,19,50.0,24.0,5.5,15.5,2.8,4,,HoweSa00
50,13.0,Derek Carr,32.0,NOR,QB,17.0,17.0,9/8/00,375.0,548.0,68.4,3878.0,25.0,4.6,8.0,1.5,185.0,46.8,58.0,7.1,7.33,10.3,228.1,97.7,57.3,31.0,218.0,5.35,6.32,6.56,0.0,1.0,,CarrDe02,2023.0,109,32,NOR,QB,17,17,32,40,0,4,25.0,10.0,1.3,2.4,1.9,7,,CarrDe02
51,14.0,Jalen Hurts,25.0,PHI,QB,17.0,17.0,11/6/00,352.0,538.0,65.4,3858.0,23.0,4.3,15.0,2.8,185.0,46.7,63.0,7.2,6.77,11.0,226.9,89.1,60.9,36.0,222.0,6.27,6.33,5.96,3.0,4.0,PB,HurtJa00,2023.0,35,25,PHI,QB,17,17,157,605,15,68,61.1,24.0,3.9,35.6,9.2,9,PB,HurtJa00
52,15.0,Lamar Jackson,26.0,BAL,QB,16.0,16.0,13-3-0,307.0,457.0,67.2,3678.0,24.0,5.3,7.0,1.5,167.0,48.2,80.0,8.0,8.41,12.0,229.9,102.7,65.4,37.0,218.0,7.49,7.0,7.34,1.0,0.0,PBAP-1AP MVP-1AP OPoY-4AP CPoY-9,JackLa00,2023.0,38,26,BAL,QB,16,16,148,821,5,48,54.1,30.0,5.5,51.3,9.3,11,PBAP-1AP MVP-1AP OPoY-4AP CPoY-9,JackLa00
53,16.0,Geno Smith,33.0,SEA,QB,15.0,15.0,8/7/00,323.0,499.0,64.7,3624.0,20.0,4.0,9.0,1.8,169.0,47.2,73.0,7.3,7.25,11.2,241.6,92.1,60.3,31.0,231.0,5.85,6.4,6.39,4.0,5.0,PB,SmitGe00,2023.0,101,33,SEA,QB,15,15,37,155,1,10,40.5,25.0,4.2,10.3,2.5,5,PB,SmitGe00
54,17.0,Gardner Minshew II,27.0,IND,QB,17.0,13.0,7/6/00,305.0,490.0,62.2,3305.0,15.0,3.1,9.0,1.8,147.0,41.2,75.0,6.7,6.53,10.8,194.4,84.6,60.4,34.0,187.0,6.49,5.95,5.75,2.0,2.0,PB,MinsGa00,2023.0,108,27,IND,QB,17,13,34,100,3,7,29.4,23.0,2.9,5.9,2.0,8,PB,MinsGa00
55,18.0,Justin Herbert,25.0,LAC,QB,13.0,13.0,5/8/00,297.0,456.0,65.1,3134.0,20.0,4.4,7.0,1.5,150.0,46.2,60.0,6.9,7.06,10.6,241.1,93.2,64.8,29.0,233.0,5.98,5.98,6.16,1.0,1.0,,HerbJu00,2023.0,78,25,LAC,QB,13,13,52,228,3,16,40.4,35.0,4.4,17.5,4.0,4,,HerbJu00
56,19.0,Russell Wilson,35.0,DEN,QB,15.0,15.0,7/8/00,297.0,447.0,66.4,3070.0,26.0,5.8,8.0,1.8,135.0,43.3,60.0,6.9,7.23,10.3,204.7,98.0,51.5,45.0,258.0,9.15,5.72,6.04,4.0,4.0,,WilsRu00,2023.0,59,35,DEN,QB,15,15,80,341,3,38,55.0,21.0,4.3,22.7,5.3,10,,WilsRu00
57,20.0,Bryce Young,22.0,CAR,QB,16.0,16.0,2/14/00,315.0,527.0,59.8,2877.0,11.0,2.1,10.0,1.9,133.0,36.5,48.0,5.5,5.02,9.1,179.8,73.7,34.1,62.0,477.0,10.53,4.07,3.68,2.0,2.0,,YounBr01,2023.0,98,22,CAR,QB,16,16,39,253,0,18,64.1,26.0,6.5,15.8,2.4,11,,YounBr01
58,21.0,Desmond Ridder,24.0,ATL,QB,15.0,13.0,6/7/00,249.0,388.0,64.2,2836.0,12.0,3.1,12.0,3.1,136.0,45.3,71.0,7.3,6.54,11.4,189.1,83.4,40.8,31.0,197.0,7.4,6.3,5.58,2.0,4.0,,RiddDe00,2023.0,77,24,ATL,QB,15,13,53,193,5,18,43.4,23.0,3.6,12.9,3.5,12,,RiddDe00
59,22.0,Justin Fields,24.0,CHI,QB,13.0,13.0,5/8/00,227.0,370.0,61.4,2562.0,16.0,4.3,9.0,2.4,121.0,38.4,58.0,6.9,6.69,11.3,197.1,86.3,46.9,44.0,285.0,10.63,5.5,5.29,1.0,1.0,,FielJu00,2023.0,44,24,CHI,QB,13,13,124,657,4,43,52.4,39.0,5.3,50.5,9.5,10,,FielJu00
60,25.0,Joe Burrow,27.0,CIN,QB,10.0,10.0,5/5/00,244.0,365.0,66.8,2309.0,15.0,4.1,6.0,1.6,115.0,46.0,64.0,6.3,6.41,9.5,230.9,91.0,52.4,24.0,180.0,6.17,5.47,5.55,0.0,0.0,,BurrJo01,2023.0,114,27,CIN,QB,10,10,31,88,0,9,38.7,20.0,2.8,8.8,3.1,2,,BurrJo01
61,26.0,Zach Wilson,24.0,NYJ,QB,12.0,11.0,4/7/00,221.0,368.0,60.1,2271.0,8.0,2.2,7.0,1.9,104.0,36.5,68.0,6.2,5.75,10.3,189.3,77.2,31.3,46.0,340.0,11.11,4.66,4.29,3.0,2.0,,WilsZa00,2023.0,104,24,NYJ,QB,12,11,36,211,0,7,41.7,20.0,5.9,17.6,3.0,11,,WilsZa00
62,28.0,Mac Jones,25.0,NWE,QB,11.0,11.0,2/9/00,224.0,345.0,64.9,2120.0,10.0,2.9,12.0,3.5,100.0,43.3,58.0,6.1,5.16,9.5,192.7,77.0,37.5,22.0,127.0,5.99,5.43,4.5,1.0,1.0,,JoneMa05,2023.0,122,25,NWE,QB,11,11,26,96,0,11,57.7,18.0,3.7,8.7,2.4,3,,JoneMa05
63,29.0,Kenny Pickett,25.0,PIT,QB,12.0,12.0,7/5/00,201.0,324.0,62.0,2070.0,6.0,1.9,4.0,1.2,91.0,40.3,72.0,6.4,6.2,10.3,172.5,81.4,38.9,23.0,173.0,6.63,5.47,5.29,3.0,3.0,,PickKe00,2023.0,89,25,PIT,QB,12,12,42,54,1,12,38.1,11.0,1.3,4.5,3.5,2,,PickKe00
64,30.0,Jake Browning,27.0,CIN,QB,9.0,7.0,4/3/00,171.0,243.0,70.4,1936.0,12.0,4.9,7.0,2.9,93.0,48.3,80.0,8.0,7.66,11.3,215.1,98.4,60.8,24.0,169.0,8.99,6.62,6.34,2.0,2.0,,BrowJa08,2023.0,119,27,CIN,QB,9,7,27,127,3,12,63.0,21.0,4.7,14.1,3.0,3,,BrowJa08
65,31.0,Will Levis,24.0,TEN,QB,9.0,9.0,3/6/00,149.0,255.0,58.4,1808.0,8.0,3.1,4.0,1.6,81.0,37.1,61.0,7.1,7.01,12.1,200.9,84.2,34.0,28.0,185.0,9.89,5.73,5.66,1.0,1.0,,LeviWi00,2023.0,125,24,TEN,QB,9,9,25,57,1,7,36.0,11.0,2.3,6.3,2.8,7,,LeviWi00
66,32.0,Kyler Murray,26.0,ARI,QB,8.0,8.0,3/5/00,176.0,268.0,65.7,1799.0,10.0,3.7,5.0,1.9,88.0,43.7,48.0,6.7,6.62,10.2,224.9,89.4,48.0,18.0,119.0,6.29,5.87,5.79,2.0,2.0,AP CPoY-9,MurrKy00,2023.0,88,26,ARI,QB,8,8,44,244,3,15,59.1,33.0,5.5,30.5,5.5,7,AP CPoY-9,MurrKy00
67,35.0,Tyrod Taylor,34.0,NYG,QB,11.0,5.0,2/3/00,116.0,180.0,64.4,1341.0,5.0,2.8,3.0,1.7,52.0,43.7,80.0,7.5,7.26,11.6,121.9,89.1,48.6,17.0,94.0,8.63,6.33,6.15,0.0,0.0,,TaylTy00,2023.0,99,34,NYG,QB,11,5,38,197,0,10,47.4,31.0,5.2,17.9,3.5,4,,TaylTy00
68,38.0,Jimmy Garoppolo,32.0,LVR,QB,7.0,6.0,3/3/00,110.0,169.0,65.1,1205.0,7.0,4.1,9.0,5.3,60.0,47.5,32.0,7.1,5.56,11.0,172.1,77.7,34.7,14.0,101.0,7.65,6.03,4.58,2.0,2.0,,GaroJi00,2023.0,137,32,LVR,QB,7,6,20,39,0,6,30.0,9.0,2.0,5.6,2.9,1,,GaroJi00
69,39.0,Easton Stick,28.0,LAC,QB,5.0,4.0,0-4-0,111.0,174.0,63.8,1129.0,3.0,1.7,1.0,0.6,53.0,43.1,79.0,6.5,6.57,10.2,225.8,85.6,51.8,14.0,122.0,7.45,5.36,5.44,0.0,0.0,,SticEa00,2023.0,120,28,LAC,QB,5,4,27,144,1,11,63.0,21.0,5.3,28.8,5.4,5,,SticEa00
70,40.0,Deshaun Watson,28.0,CLE,QB,6.0,6.0,5/1/00,105.0,171.0,61.4,1115.0,7.0,4.1,4.0,2.3,52.0,38.3,59.0,6.5,6.29,10.6,185.8,84.3,43.7,17.0,85.0,9.04,5.48,5.27,1.0,1.0,,WatsDe00,2023.0,123,28,CLE,QB,6,6,26,142,1,10,61.5,16.0,5.5,23.7,4.3,5,,WatsDe00
71,41.0,Tommy DeVito,25.0,NYG,QB,9.0,6.0,3/3/00,114.0,178.0,64.0,1101.0,8.0,4.5,3.0,1.7,46.0,32.1,41.0,6.2,6.33,9.7,122.3,89.2,24.3,37.0,196.0,17.21,4.21,4.33,1.0,2.0,,DeViTo00,2023.0,103,25,NYG,QB,9,6,36,195,1,7,44.4,26.0,5.4,21.7,4.0,2,,DeViTo00
72,42.0,Daniel Jones,26.0,NYG,QB,6.0,6.0,1/5/00,108.0,160.0,67.5,909.0,2.0,1.3,6.0,3.8,43.0,37.4,58.0,5.7,4.24,8.4,151.5,70.5,37.1,30.0,167.0,15.79,3.91,2.69,1.0,1.0,,JoneDa05,2023.0,94,26,NYG,QB,6,6,40,206,1,15,52.5,17.0,5.2,34.3,6.7,4,,JoneDa05
73,44.0,Tyson Bagent,23.0,CHI,QB,5.0,4.0,2/2/00,94.0,143.0,65.7,859.0,3.0,2.1,6.0,4.2,48.0,52.0,41.0,6.0,4.54,9.1,171.8,71.4,52.6,5.0,35.0,3.38,5.57,4.15,0.0,0.0,,BageTy00,2023.0,128,23,CHI,QB,5,4,23,109,2,11,56.5,20.0,4.7,21.8,4.6,3,,BageTy00
74,1.0,Patrick Mahomes,27.0,KAN,QB,17.0,17.0,14-3-0,435.0,648.0,67.1,5250.0,41.0,6.3,12.0,1.9,272.0,54.6,67.0,8.1,8.53,12.1,308.8,105.2,79.0,26.0,188.0,3.86,7.51,7.93,4.0,4.0,PBAP-1AP MVP-1AP OPoY-2,MahoPa00,2022.0,75,27,KAN,QB,17,17,61,358,4,25,59.0,20.0,5.9,21.1,3.6,5,PBAP-1AP MVP-1AP OPoY-2,MahoPa00
75,2.0,Justin Herbert,24.0,LAC,QB,17.0,17.0,10/7/00,477.0,699.0,68.2,4739.0,25.0,3.6,10.0,1.4,228.0,46.3,55.0,6.8,6.85,9.9,278.8,93.2,60.2,38.0,206.0,5.16,6.15,6.22,4.0,5.0,AP MVP-9,HerbJu00,2022.0,80,24,LAC,QB,17,17,54,147,0,17,40.7,23.0,2.7,8.6,3.2,8,AP MVP-9,HerbJu00
76,3.0,Tom Brady,45.0,TAM,QB,17.0,17.0,8/9/00,490.0,733.0,66.8,4694.0,25.0,3.4,9.0,1.2,237.0,49.5,63.0,6.4,6.53,9.6,276.1,90.7,54.6,22.0,160.0,2.91,6.01,6.13,4.0,5.0,,BradTo00,2022.0,112,45,TAM,QB,17,17,29,-1,1,5,17.2,2.0,0.0,-0.1,1.7,5,,BradTo00
77,4.0,Kirk Cousins,34.0,MIN,QB,17.0,17.0,13-4-0,424.0,643.0,65.9,4547.0,29.0,4.5,14.0,2.2,230.0,46.3,66.0,7.1,6.99,10.7,267.5,92.5,52.3,46.0,329.0,6.68,6.12,6.05,8.0,8.0,PB,CousKi00,2022.0,108,34,MIN,QB,17,17,31,97,2,11,38.7,19.0,3.1,5.7,1.8,7,PB,CousKi00
78,5.0,Joe Burrow,26.0,CIN,QB,16.0,16.0,12/4/00,414.0,606.0,68.3,4475.0,35.0,5.8,12.0,2.0,222.0,50.1,60.0,7.4,7.65,10.8,279.7,100.8,60.8,41.0,259.0,6.34,6.52,6.76,3.0,4.0,PBAP MVP-4AP OPoY-9,BurrJo01,2022.0,63,26,CIN,QB,16,16,75,257,5,28,49.3,23.0,3.4,16.1,4.7,6,PBAP MVP-4AP OPoY-9,BurrJo01
79,6.0,Jared Goff,28.0,DET,QB,17.0,17.0,9/8/00,382.0,587.0,65.1,4438.0,29.0,4.9,7.0,1.2,227.0,50.3,81.0,7.6,8.01,11.6,261.1,99.3,63.3,23.0,156.0,3.77,7.02,7.45,3.0,3.0,PBAP CPoY-6,GoffJa00,2022.0,113,28,DET,QB,17,17,29,73,0,5,24.1,14.0,2.5,4.3,1.7,7,PBAP CPoY-6,GoffJa00
80,7.0,Josh Allen,26.0,BUF,QB,16.0,16.0,13-3-0,359.0,567.0,63.3,4283.0,35.0,6.2,14.0,2.5,214.0,52.2,98.0,7.6,7.68,11.9,267.7,96.6,73.4,33.0,162.0,5.5,6.87,6.99,3.0,4.0,PBAP MVP-3AP OPoY-8,AlleJo02,2022.0,40,26,BUF,QB,16,16,124,762,7,55,61.3,44.0,6.1,47.6,7.8,13,PBAP MVP-3AP OPoY-8,AlleJo02
81,8.0,Geno Smith,32.0,SEA,QB,17.0,17.0,9/8/00,399.0,572.0,69.8,4282.0,30.0,5.2,11.0,1.9,206.0,48.2,54.0,7.5,7.67,10.7,251.9,100.9,62.8,46.0,348.0,7.44,6.37,6.54,2.0,3.0,PBAP MVP-9AP CPoY-1,SmitGe00,2022.0,70,32,SEA,QB,17,17,68,366,1,24,55.9,25.0,5.4,21.5,4.0,8,PBAP MVP-9AP CPoY-1,SmitGe00
82,9.0,Trevor Lawrence,23.0,JAX,QB,17.0,17.0,9/8/00,387.0,584.0,66.3,4113.0,25.0,4.3,8.0,1.4,206.0,48.1,59.0,7.0,7.28,10.6,241.9,95.2,56.1,27.0,184.0,4.42,6.43,6.66,3.0,2.0,PBAP MVP-7AP CPoY-12,LawrTr00,2022.0,74,23,JAX,QB,17,17,62,291,5,27,59.7,24.0,4.7,17.1,3.6,12,PBAP MVP-7AP CPoY-12,LawrTr00
83,10.0,Jalen Hurts,24.0,PHI,QB,15.0,15.0,14-1-0,306.0,460.0,66.5,3701.0,22.0,4.8,6.0,1.3,165.0,46.4,68.0,8.0,8.42,12.1,246.7,101.5,68.3,38.0,231.0,7.63,6.97,7.31,1.0,2.0,PBAP-2AP MVP-2AP OPoY-3,HurtJa00,2022.0,34,24,PHI,QB,15,15,165,760,13,67,59.4,42.0,4.6,50.7,11.0,9,PBAP-2AP MVP-2AP OPoY-3,HurtJa00
84,11.0,Aaron Rodgers,39.0,GNB,QB,17.0,17.0,8/9/00,350.0,542.0,64.6,3695.0,26.0,4.8,12.0,2.2,177.0,45.1,58.0,6.8,6.78,10.6,217.4,91.1,41.3,32.0,258.0,5.57,5.99,5.95,3.0,4.0,,RodgAa00,2022.0,104,39,GNB,QB,17,17,34,94,1,9,32.4,18.0,2.8,5.5,2.0,8,,RodgAa00
85,12.0,Tua Tagovailoa,24.0,MIA,QB,13.0,13.0,8/5/00,259.0,400.0,64.8,3548.0,25.0,6.3,8.0,2.0,162.0,49.9,84.0,8.9,9.22,13.7,272.9,105.5,70.6,21.0,163.0,4.99,8.04,8.37,2.0,2.0,AP MVP-9,TagoTu00,2022.0,129,24,MIA,QB,13,13,23,70,0,4,34.8,18.0,3.0,5.4,1.8,6,AP MVP-9,TagoTu00
86,13.0,Russell Wilson,34.0,DEN,QB,15.0,15.0,4/11/00,292.0,483.0,60.5,3524.0,16.0,3.3,11.0,2.3,142.0,36.2,67.0,7.3,6.93,12.1,234.9,84.4,38.7,55.0,368.0,10.22,5.87,5.54,3.0,3.0,,WilsRu00,2022.0,78,34,DEN,QB,15,15,55,277,3,21,50.9,19.0,5.0,18.5,3.7,6,,WilsRu00
87,14.0,Derek Carr,31.0,LVR,QB,15.0,15.0,6/9/00,305.0,502.0,60.8,3522.0,24.0,4.8,14.0,2.8,161.0,42.3,60.0,7.0,6.72,11.5,234.8,86.3,57.6,27.0,191.0,5.1,6.3,6.01,4.0,3.0,PB,CarrDe02,2022.0,123,31,LVR,QB,15,15,24,102,0,10,50.0,20.0,4.3,6.8,1.6,4,PB,CarrDe02
88,15.0,Daniel Jones,25.0,NYG,QB,16.0,16.0,9/6/01,317.0,472.0,67.2,3205.0,15.0,3.2,5.0,1.1,156.0,45.7,65.0,6.8,6.95,10.1,200.3,92.5,62.9,44.0,243.0,8.53,5.74,5.89,4.0,5.0,AP CPoY-11,JoneDa05,2022.0,42,25,NYG,QB,16,16,120,708,7,57,59.2,25.0,5.9,44.3,7.5,6,AP CPoY-11,JoneDa05
89,16.0,Davis Mills,24.0,HOU,QB,15.0,15.0,3/10/01,292.0,479.0,61.0,3118.0,17.0,3.5,15.0,3.1,135.0,40.0,58.0,6.5,5.81,10.7,207.9,78.8,35.0,31.0,244.0,6.08,5.64,4.98,2.0,3.0,,MillDa02,2022.0,106,24,HOU,QB,15,15,32,108,2,8,28.1,17.0,3.4,7.2,2.1,8,,MillDa02
90,17.0,Matt Ryan,37.0,IND,QB,12.0,12.0,4/7/01,309.0,461.0,67.0,3057.0,14.0,3.0,13.0,2.8,156.0,44.9,45.0,6.6,5.97,9.9,254.8,83.9,44.9,38.0,287.0,7.62,5.55,4.94,5.0,4.0,,RyanMa00,2022.0,117,37,IND,QB,12,12,27,70,1,9,37.0,39.0,2.6,5.8,2.3,15,,RyanMa00
91,18.0,Mac Jones,24.0,NWE,QB,14.0,14.0,6/8/00,288.0,442.0,65.2,2997.0,14.0,3.2,11.0,2.5,127.0,41.4,48.0,6.8,6.29,10.4,214.1,84.8,38.4,34.0,231.0,7.14,5.81,5.36,0.0,0.0,,JoneMa05,2022.0,85,24,NWE,QB,14,14,47,102,1,12,34.0,15.0,2.2,7.3,3.4,5,,JoneMa05
92,19.0,Andy Dalton,35.0,NOR,QB,14.0,14.0,6/8/00,252.0,378.0,66.7,2871.0,18.0,4.8,9.0,2.4,135.0,48.9,64.0,7.6,7.48,11.4,205.1,95.2,53.1,25.0,189.0,6.2,6.66,6.54,1.0,1.0,,DaltAn00,2022.0,110,35,NOR,QB,14,14,30,54,0,6,33.3,14.0,1.8,3.9,2.1,5,,DaltAn00
93,20.0,Dak Prescott,29.0,DAL,QB,12.0,12.0,8/4/00,261.0,394.0,66.2,2860.0,23.0,5.8,15.0,3.8,142.0,51.7,68.0,7.3,6.71,11.0,238.3,91.1,59.9,20.0,126.0,4.83,6.6,6.08,2.0,2.0,,PresDa01,2022.0,89,29,DAL,QB,12,12,45,182,1,19,51.1,25.0,4.0,15.2,3.8,4,,PresDa01
94,21.0,Jacoby Brissett,30.0,CLE,QB,16.0,11.0,4/7/00,236.0,369.0,64.0,2608.0,12.0,3.3,6.0,1.6,129.0,44.5,55.0,7.1,6.99,11.1,163.0,88.9,62.0,24.0,160.0,6.11,6.23,6.15,2.0,2.0,,BrisJa00,2022.0,83,30,CLE,QB,16,11,49,243,2,28,65.3,22.0,5.0,15.2,3.1,6,,BrisJa00
95,22.0,Ryan Tannehill,34.0,TEN,QB,12.0,12.0,6/6/00,212.0,325.0,65.2,2536.0,13.0,4.0,6.0,1.8,116.0,45.3,69.0,7.8,7.77,12.0,211.3,94.6,51.2,33.0,238.0,9.22,6.42,6.39,0.0,0.0,,TannRy00,2022.0,105,34,TEN,QB,12,12,34,98,2,12,44.1,17.0,2.9,8.2,2.8,3,,TannRy00
96,23.0,Jimmy Garoppolo,31.0,SFO,QB,11.0,10.0,7/3/00,207.0,308.0,67.2,2437.0,16.0,5.2,4.0,1.3,114.0,53.1,57.0,7.9,8.37,11.8,221.5,103.0,56.3,18.0,100.0,5.52,7.17,7.6,1.0,1.0,,GaroJi00,2022.0,127,31,SFO,QB,11,10,23,33,2,12,47.8,6.0,1.4,3.0,2.1,3,,GaroJi00
97,24.0,Kenny Pickett,24.0,PIT,QB,13.0,12.0,7/5/00,245.0,389.0,63.0,2404.0,7.0,1.8,9.0,2.3,123.0,44.0,57.0,6.2,5.5,9.8,184.9,76.7,53.6,27.0,182.0,6.49,5.34,4.7,3.0,4.0,AP ORoY-6,PickKe00,2022.0,77,24,PIT,QB,13,12,55,237,3,23,60.0,23.0,4.3,18.2,4.2,4,AP ORoY-6,PickKe00
98,25.0,Kyler Murray,25.0,ARI,QB,11.0,11.0,3/8/00,259.0,390.0,66.4,2368.0,14.0,3.6,7.0,1.8,119.0,45.1,38.0,6.1,5.98,9.1,215.3,87.2,53.6,25.0,192.0,6.02,5.24,5.16,1.0,1.0,,MurrKy00,2022.0,72,25,ARI,QB,11,11,67,418,3,23,61.2,42.0,6.2,38.0,6.1,8,,MurrKy00
99,26.0,Justin Fields,23.0,CHI,QB,15.0,15.0,3/12/00,192.0,318.0,60.4,2242.0,17.0,5.3,11.0,3.5,91.0,36.7,56.0,7.1,6.56,11.7,149.5,85.2,56.3,55.0,359.0,14.75,5.05,4.63,1.0,2.0,AP MVP-9,FielJu00,2022.0,35,23,CHI,QB,15,15,160,1143,8,65,56.3,67.0,7.1,76.2,10.7,16,AP MVP-9,FielJu00
100,27.0,Lamar Jackson,25.0,BAL,QB,12.0,12.0,8/4/00,203.0,326.0,62.3,2242.0,17.0,5.2,7.0,2.1,105.0,44.6,75.0,6.9,6.95,11.0,186.8,91.1,61.1,26.0,114.0,7.39,6.05,6.12,1.0,2.0,,JackLa00,2022.0,44,25,BAL,QB,12,12,112,764,3,47,64.3,79.0,6.8,63.7,9.3,5,,JackLa00
101,28.0,Marcus Mariota,29.0,ATL,QB,13.0,13.0,5/8/00,184.0,300.0,61.3,2219.0,15.0,5.0,9.0,3.0,111.0,45.1,75.0,7.4,7.05,12.1,170.7,88.2,57.7,28.0,195.0,8.54,6.17,5.85,2.0,3.0,,MariMa01,2022.0,58,29,ATL,QB,13,13,85,438,4,30,57.6,30.0,5.2,33.7,6.5,8,,MariMa01
102,31.0,Taylor Heinicke,29.0,WAS,QB,9.0,9.0,5/3/01,161.0,259.0,62.2,1859.0,12.0,4.6,6.0,2.3,93.0,43.2,61.0,7.2,7.06,11.5,206.6,89.6,46.5,19.0,141.0,6.83,6.18,6.07,2.0,1.0,,HeinTa00,2022.0,114,29,WAS,QB,9,9,28,96,1,6,46.4,15.0,3.4,10.7,3.1,7,,HeinTa00
103,32.0,Carson Wentz,30.0,WAS,QB,8.0,7.0,2/5/00,172.0,276.0,62.3,1755.0,11.0,4.0,9.0,3.3,85.0,42.4,75.0,6.4,5.69,10.2,219.4,80.2,34.4,26.0,159.0,8.61,5.28,4.67,2.0,2.0,,WentCa00,2022.0,133,30,WAS,QB,8,7,22,86,1,4,50.0,18.0,3.9,10.8,2.8,6,,WentCa00
104,33.0,Zach Wilson,23.0,NYJ,QB,9.0,9.0,5/4/00,132.0,242.0,54.5,1688.0,6.0,2.5,7.0,2.9,73.0,37.7,79.0,7.0,6.17,12.8,187.6,72.8,38.5,23.0,175.0,8.68,5.71,4.97,1.0,2.0,,WilsZa00,2022.0,115,23,NYJ,QB,9,9,28,102,1,7,42.9,18.0,3.6,11.3,3.1,1,,WilsZa00
105,34.0,Brock Purdy,23.0,SFO,QB,9.0,5.0,5-0-0,114.0,170.0,67.1,1374.0,13.0,7.6,4.0,2.4,66.0,50.3,54.0,8.1,8.55,12.1,152.7,107.3,67.5,11.0,84.0,6.08,7.13,7.57,1.0,1.0,AP ORoY-3,PurdBr00,2022.0,132,23,SFO,QB,9,5,22,13,1,5,27.3,13.0,0.6,1.4,2.4,0,AP ORoY-3,PurdBr00
106,37.0,Sam Darnold,25.0,CAR,QB,6.0,6.0,4/2/00,82.0,140.0,58.6,1143.0,7.0,5.0,3.0,2.1,57.0,44.0,52.0,8.2,8.2,13.9,190.5,92.6,51.4,10.0,78.0,6.67,7.1,7.13,0.0,1.0,,DarnSa00,2022.0,120,25,CAR,QB,6,6,26,106,2,10,38.5,26.0,4.1,17.7,4.3,6,,DarnSa00
107,38.0,Deshaun Watson,27.0,CLE,QB,6.0,6.0,3/3/00,99.0,170.0,58.2,1102.0,7.0,4.1,5.0,2.9,53.0,41.6,46.0,6.5,5.98,11.1,183.7,79.1,40.4,20.0,106.0,10.53,5.24,4.79,0.0,0.0,,WatsDe00,2022.0,100,27,CLE,QB,6,6,36,175,1,10,47.2,21.0,4.9,29.2,6.0,1,,WatsDe00
108,48.0,Tyler Huntley,24.0,BAL,QB,6.0,4.0,2/2/00,75.0,112.0,67.0,658.0,2.0,1.8,3.0,2.7,31.0,42.9,40.0,5.9,5.03,8.8,109.7,77.2,43.0,7.0,34.0,5.88,5.24,4.45,1.0,1.0,PB,HuntTy01,2022.0,90,24,BAL,QB,6,4,43,137,1,12,39.5,14.0,3.2,22.8,7.2,3,PB,HuntTy01
109,1.0,Tom Brady,44.0,TAM,QB,17.0,17.0,13-4-0,485.0,719.0,67.5,5316.0,43.0,6.0,12.0,1.7,269.0,52.6,62.0,7.4,7.84,11.0,312.7,102.1,73.1,22.0,144.0,2.97,6.98,7.41,3.0,5.0,PBAP-2AP MVP-2AP OPoY-3,BradTo00,2021.0,128,44,TAM,QB,17,17,28,81,2,14,53.6,13.0,2.9,4.8,1.6,4,PBAP-2AP MVP-2AP OPoY-3,BradTo00
110,2.0,Justin Herbert,23.0,LAC,QB,17.0,17.0,9/8/00,443.0,672.0,65.9,5014.0,38.0,5.7,15.0,2.2,256.0,51.1,72.0,7.5,7.59,11.3,294.9,97.7,70.9,31.0,214.0,4.41,6.83,6.95,5.0,5.0,PB,HerbJu00,2021.0,74,23,LAC,QB,17,17,63,302,3,28,58.7,36.0,4.8,17.8,3.7,1,PB,HerbJu00
111,3.0,Matthew Stafford,33.0,LAR,QB,17.0,17.0,12/5/00,404.0,601.0,67.2,4886.0,41.0,6.8,17.0,2.8,233.0,52.6,79.0,8.1,8.22,12.1,287.4,102.9,69.2,30.0,243.0,4.75,7.36,7.45,3.0,4.0,,StafMa00,2021.0,123,33,LAR,QB,17,17,32,43,0,8,31.3,12.0,1.3,2.5,1.9,5,,StafMa00
112,4.0,Patrick Mahomes,26.0,KAN,QB,17.0,17.0,12/5/00,436.0,658.0,66.3,4839.0,37.0,5.6,13.0,2.0,260.0,53.2,75.0,7.4,7.59,11.1,284.6,98.5,67.7,28.0,146.0,4.08,6.84,7.07,3.0,3.0,PB,MahoPa00,2021.0,72,26,KAN,QB,17,17,66,381,2,25,50.0,32.0,5.8,22.4,3.9,9,PB,MahoPa00
113,5.0,Derek Carr,30.0,LVR,QB,17.0,17.0,10/7/00,428.0,626.0,68.4,4804.0,23.0,3.7,14.0,2.2,217.0,49.7,61.0,7.7,7.4,11.2,282.6,94.0,58.4,40.0,241.0,6.01,6.85,6.6,3.0,6.0,,CarrDe02,2021.0,105,30,LVR,QB,17,17,40,108,0,9,40.0,22.0,2.7,6.4,2.4,13,,CarrDe02
114,6.0,Joe Burrow,25.0,CIN,QB,16.0,16.0,10/6/00,366.0,520.0,70.4,4611.0,34.0,6.5,14.0,2.7,202.0,47.6,82.0,8.9,8.96,12.6,288.2,108.3,60.2,51.0,370.0,8.93,7.43,7.51,2.0,3.0,AP CPoY-1,BurrJo01,2021.0,104,25,CIN,QB,16,16,40,118,2,14,40.0,12.0,3.0,7.4,2.5,5,AP CPoY-1,BurrJo01
115,7.0,Dak Prescott,28.0,DAL,QB,16.0,16.0,11/5/00,410.0,596.0,68.8,4449.0,37.0,6.2,10.0,1.7,227.0,51.4,51.0,7.5,7.95,10.9,278.1,104.2,60.5,30.0,144.0,4.79,6.88,7.34,1.0,2.0,AP CPoY-2,PresDa01,2021.0,94,28,DAL,QB,16,16,48,146,1,7,27.1,21.0,3.0,9.1,3.0,14,AP CPoY-2,PresDa01
116,8.0,Josh Allen,25.0,BUF,QB,17.0,17.0,11/6/00,409.0,646.0,63.3,4407.0,36.0,5.6,15.0,2.3,234.0,49.4,61.0,6.8,6.89,10.8,259.2,92.2,66.3,26.0,164.0,3.87,6.31,6.38,0.0,0.0,,AlleJo02,2021.0,44,25,BUF,QB,17,17,122,763,6,54,61.5,34.0,6.3,44.9,7.2,8,,AlleJo02
117,9.0,Kirk Cousins,33.0,MIN,QB,16.0,16.0,8/8/00,372.0,561.0,66.3,4221.0,33.0,5.9,7.0,1.2,192.0,46.2,64.0,7.5,8.14,11.3,263.8,103.1,58.3,28.0,197.0,4.75,6.83,7.42,3.0,4.0,PB,CousKi00,2021.0,126,33,MIN,QB,16,16,29,115,1,8,48.3,29.0,4.0,7.2,1.8,12,PB,CousKi00
118,10.0,Aaron Rodgers,38.0,GNB,QB,16.0,16.0,13-3-0,366.0,531.0,68.9,4115.0,37.0,7.0,4.0,0.8,213.0,50.6,75.0,7.7,8.8,11.2,257.2,111.9,74.1,30.0,188.0,5.35,7.0,8.0,1.0,2.0,PBAP-1AP MVP-1AP OPoY-4,RodgAa00,2021.0,122,38,GNB,QB,16,16,33,101,3,10,36.4,18.0,3.1,6.3,2.1,3,PBAP-1AP MVP-1AP OPoY-4,RodgAa00
119,11.0,Matt Ryan,36.0,ATL,QB,17.0,17.0,7/10/00,375.0,560.0,67.0,3968.0,20.0,3.6,12.0,2.1,195.0,46.0,64.0,7.1,6.84,10.6,233.4,90.4,52.2,40.0,274.0,6.67,6.16,5.92,3.0,4.0,,RyanMa00,2021.0,106,36,ATL,QB,17,17,40,82,1,9,30.0,17.0,2.1,4.8,2.4,11,,RyanMa00
120,12.0,Jimmy Garoppolo,30.0,SFO,QB,15.0,15.0,9/6/00,301.0,441.0,68.3,3810.0,20.0,4.5,12.0,2.7,172.0,50.4,83.0,8.6,8.32,12.7,254.0,98.7,59.2,29.0,201.0,6.17,7.68,7.38,3.0,3.0,,GaroJi00,2021.0,109,30,SFO,QB,15,15,38,51,3,15,47.4,7.0,1.3,3.4,2.5,8,,GaroJi00
121,13.0,Mac Jones,23.0,NWE,QB,17.0,17.0,10/7/00,352.0,521.0,67.6,3801.0,22.0,4.2,13.0,2.5,177.0,49.0,75.0,7.3,7.02,10.8,223.6,92.5,56.9,28.0,241.0,5.1,6.48,6.22,1.0,1.0,PBAP ORoY-2,JoneMa05,2021.0,98,23,NWE,QB,17,17,44,129,0,22,52.3,13.0,2.9,7.6,2.6,7,PBAP ORoY-2,JoneMa05
122,14.0,Kyler Murray,24.0,ARI,QB,14.0,14.0,9/5/00,333.0,481.0,69.2,3787.0,24.0,5.0,10.0,2.1,172.0,49.6,77.0,7.9,7.94,11.4,270.5,100.6,63.2,31.0,286.0,6.05,6.84,6.9,1.0,1.0,PB,MurrKy00,2021.0,56,24,ARI,QB,14,14,88,423,5,25,53.4,57.0,4.8,30.2,6.3,13,PB,MurrKy00
123,15.0,Ben Roethlisberger,39.0,PIT,QB,16.0,16.0,9/7/00,390.0,605.0,64.5,3740.0,22.0,3.6,10.0,1.7,188.0,42.6,59.0,6.2,6.17,9.6,233.8,86.8,41.3,38.0,239.0,5.91,5.44,5.43,6.0,7.0,,RoetBe00,2021.0,138,39,PIT,QB,16,16,20,5,1,3,20.0,8.0,0.3,0.3,1.3,11,,RoetBe00
124,16.0,Ryan Tannehill,33.0,TEN,QB,17.0,17.0,12/5/00,357.0,531.0,67.2,3734.0,21.0,4.0,14.0,2.6,192.0,46.2,57.0,7.0,6.64,10.5,219.6,89.6,61.8,47.0,327.0,8.13,5.89,5.53,3.0,4.0,,TannRy00,2021.0,86,33,TEN,QB,17,17,55,270,7,33,65.5,28.0,4.9,15.9,3.2,10,,TannRy00
125,17.0,Trevor Lawrence,22.0,JAX,QB,17.0,17.0,3/14/00,359.0,602.0,59.6,3641.0,12.0,2.0,17.0,2.8,177.0,44.6,58.0,6.0,5.18,10.1,214.2,71.9,39.1,32.0,238.0,5.05,5.37,4.54,1.0,2.0,,LawrTr00,2021.0,63,22,JAX,QB,17,17,73,334,2,22,50.7,26.0,4.6,19.6,4.3,9,,LawrTr00
126,18.0,Carson Wentz,29.0,IND,QB,17.0,17.0,9/8/00,322.0,516.0,62.4,3563.0,27.0,5.2,7.0,1.4,165.0,44.0,76.0,6.9,7.34,11.1,209.6,94.6,60.6,32.0,227.0,5.84,6.09,6.5,0.0,0.0,,WentCa00,2021.0,79,29,IND,QB,17,17,57,215,1,21,49.1,18.0,3.8,12.6,3.4,8,,WentCa00
127,19.0,Taylor Heinicke,28.0,WAS,QB,16.0,15.0,7/8/00,321.0,494.0,65.0,3419.0,20.0,4.0,15.0,3.0,167.0,44.9,73.0,6.9,6.36,10.7,213.7,85.9,45.8,38.0,278.0,7.14,5.9,5.39,3.0,4.0,,HeinTa00,2021.0,77,28,WAS,QB,16,15,60,313,1,20,46.7,38.0,5.2,19.6,3.8,7,,HeinTa00
128,21.0,Jalen Hurts,23.0,PHI,QB,15.0,15.0,8/7/00,265.0,432.0,61.3,3144.0,16.0,3.7,9.0,2.1,143.0,43.9,91.0,7.3,7.08,11.9,209.6,87.2,54.6,26.0,150.0,5.68,6.54,6.35,2.0,2.0,,HurtJa00,2021.0,35,23,PHI,QB,15,15,139,784,10,56,61.9,31.0,5.6,52.3,9.3,9,,HurtJa00
129,22.0,Russell Wilson,33.0,SEA,QB,14.0,14.0,6/8/00,259.0,400.0,64.8,3113.0,25.0,6.3,6.0,1.5,135.0,44.6,69.0,7.8,8.36,12.0,222.4,103.1,60.6,33.0,266.0,7.62,6.58,7.11,0.0,1.0,PB,WilsRu00,2021.0,100,33,SEA,QB,14,14,43,183,2,17,44.2,17.0,4.3,13.1,3.1,6,PB,WilsRu00
130,23.0,Teddy Bridgewater,29.0,DEN,QB,14.0,14.0,7/7/00,285.0,426.0,66.9,3052.0,18.0,4.2,7.0,1.6,146.0,46.0,64.0,7.2,7.27,10.7,218.0,94.9,53.4,31.0,211.0,6.78,6.22,6.32,0.0,1.0,,BridTe00,2021.0,125,29,DEN,QB,14,14,30,106,2,16,60.0,13.0,3.5,7.6,2.1,1,,BridTe00
131,24.0,Baker Mayfield,26.0,CLE,QB,14.0,14.0,6/8/00,253.0,418.0,60.5,3010.0,17.0,4.1,13.0,3.1,143.0,44.3,71.0,7.2,6.61,11.9,215.0,83.1,40.9,43.0,269.0,9.33,5.95,5.41,0.0,0.0,,MayfBa00,2021.0,112,26,CLE,QB,14,14,37,134,1,12,48.6,14.0,3.6,9.6,2.6,6,,MayfBa00
132,25.0,Lamar Jackson,24.0,BAL,QB,12.0,12.0,7/5/00,246.0,382.0,64.4,2882.0,16.0,4.2,13.0,3.4,135.0,46.9,49.0,7.5,6.85,11.7,240.2,87.0,56.8,38.0,190.0,9.05,6.41,5.78,4.0,4.0,PB,JackLa00,2021.0,41,24,BAL,QB,12,12,133,767,2,48,56.4,31.0,5.8,63.9,11.1,6,PB,JackLa00
133,27.0,Tua Tagovailoa,23.0,MIA,QB,13.0,12.0,7/5/00,263.0,388.0,67.8,2653.0,16.0,4.1,10.0,2.6,137.0,50.2,65.0,6.8,6.5,10.1,204.1,90.1,55.7,20.0,152.0,4.9,6.13,5.81,0.0,2.0,,TagoTu00,2021.0,101,23,MIA,QB,13,12,42,128,3,13,40.5,23.0,3.0,9.8,3.2,9,,TagoTu00
134,28.0,Sam Darnold,24.0,CAR,QB,12.0,11.0,4/7/00,243.0,406.0,59.9,2527.0,9.0,2.2,13.0,3.2,123.0,41.0,63.0,6.2,5.23,10.4,210.6,71.9,38.8,35.0,204.0,7.94,5.27,4.35,0.0,0.0,,DarnSa00,2021.0,92,24,CAR,QB,12,11,48,222,5,20,60.4,30.0,4.6,18.5,4.0,9,,DarnSa00
135,29.0,Daniel Jones,24.0,NYG,QB,11.0,11.0,4/7/00,232.0,361.0,64.3,2428.0,10.0,2.8,7.0,1.9,116.0,43.9,54.0,6.7,6.41,10.5,220.7,84.8,47.5,22.0,160.0,5.74,5.92,5.62,1.0,1.0,,JoneDa05,2021.0,75,24,NYG,QB,11,11,62,298,2,16,48.4,46.0,4.8,27.1,5.6,7,,JoneDa05
136,30.0,Zach Wilson,22.0,NYJ,QB,13.0,13.0,3/10/00,213.0,383.0,55.6,2334.0,9.0,2.3,11.0,2.9,112.0,37.0,54.0,6.1,5.27,11.0,179.5,69.7,33.4,44.0,370.0,10.3,4.6,3.86,1.0,1.0,,WilsZa00,2021.0,127,22,NYJ,QB,13,13,29,185,4,10,44.8,52.0,6.4,14.2,2.2,5,,WilsZa00
137,31.0,Justin Fields,22.0,CHI,QB,12.0,10.0,2/8/00,159.0,270.0,58.9,1870.0,7.0,2.6,10.0,3.7,83.0,38.2,64.0,6.9,5.78,11.8,155.8,73.2,31.4,36.0,264.0,11.76,5.25,4.24,0.0,0.0,,FielJu00,2021.0,64,22,CHI,QB,12,10,72,420,2,22,48.6,23.0,5.8,35.0,6.0,12,,FielJu00
138,34.0,Jameis Winston,27.0,NOR,QB,7.0,7.0,5/2/00,95.0,161.0,59.0,1170.0,14.0,8.7,3.0,1.9,56.0,44.8,72.0,7.3,8.17,12.3,167.1,102.8,69.8,11.0,69.0,6.4,6.4,7.24,0.0,1.0,,WinsJa00,2021.0,124,27,NOR,QB,7,7,32,166,1,17,56.3,20.0,5.2,23.7,4.6,2,,WinsJa00
139,36.0,Tyler Huntley,23.0,BAL,QB,7.0,4.0,1/3/00,122.0,188.0,64.9,1081.0,3.0,1.6,4.0,2.1,55.0,41.3,43.0,5.8,5.11,8.9,154.4,76.6,55.0,18.0,107.0,8.74,4.73,4.15,1.0,1.0,,HuntTy01,2021.0,95,23,BAL,QB,7,4,47,294,2,22,55.3,21.0,6.3,42.0,6.7,4,,HuntTy01
140,44.0,Cam Newton,32.0,CAR,QB,8.0,5.0,0-5-0,69.0,126.0,54.8,684.0,4.0,3.2,5.0,4.0,32.0,39.0,64.0,5.4,4.28,9.9,85.5,64.4,30.4,10.0,83.0,7.35,4.42,3.35,0.0,0.0,,NewtCa00,2021.0,96,32,CAR,QB,8,5,47,230,5,20,55.3,33.0,4.9,28.8,5.9,4,,NewtCa00
141,1.0,Deshaun Watson,25.0,HOU,QB,16.0,16.0,4/12/00,382.0,544.0,70.2,4823.0,33.0,6.1,7.0,1.3,221.0,54.5,77.0,8.9,9.5,12.6,301.4,112.4,63.7,49.0,293.0,8.26,7.64,8.22,0.0,0.0,PB,WatsDe00,2020.0,58,25,HOU,QB,16,16,90,444,3,31,53.3,16.0,4.9,27.8,5.6,8,PB,WatsDe00
142,2.0,Patrick Mahomes,25.0,KAN,QB,15.0,15.0,14-1-0,390.0,588.0,66.3,4740.0,38.0,6.5,6.0,1.0,238.0,54.1,75.0,8.1,8.89,12.2,316.0,108.2,78.1,22.0,147.0,3.61,7.53,8.33,3.0,3.0,PBAP-2AP MVP-3AP OPoY-2,MahoPa00,2020.0,79,25,KAN,QB,15,15,62,308,2,22,53.2,24.0,5.0,20.5,4.1,5,PBAP-2AP MVP-3AP OPoY-2,MahoPa00
143,3.0,Tom Brady,43.0,TAM,QB,16.0,16.0,11/5/00,401.0,610.0,65.7,4633.0,40.0,6.6,12.0,2.0,233.0,49.6,50.0,7.6,8.02,11.6,289.6,102.2,66.0,21.0,143.0,3.33,7.12,7.53,3.0,3.0,,BradTo00,2020.0,115,43,TAM,QB,16,16,30,6,3,6,23.3,4.0,0.2,0.4,1.9,4,,BradTo00
144,4.0,Matt Ryan,35.0,ATL,QB,16.0,16.0,4/12/00,407.0,626.0,65.0,4581.0,26.0,4.2,11.0,1.8,242.0,47.8,63.0,7.3,7.36,11.3,286.3,93.3,59.8,41.0,257.0,6.15,6.48,6.52,0.0,0.0,,RyanMa00,2020.0,120,35,ATL,QB,16,16,29,92,2,8,37.9,16.0,3.2,5.8,1.8,6,,RyanMa00
145,5.0,Josh Allen,24.0,BUF,QB,16.0,16.0,13-3-0,396.0,572.0,69.2,4544.0,37.0,6.5,10.0,1.7,228.0,56.5,55.0,7.9,8.45,11.5,284.0,107.2,76.6,26.0,159.0,4.35,7.33,7.82,2.0,3.0,PBAP-2AP MVP-2AP OPoY-4,AlleJo02,2020.0,48,24,BUF,QB,16,16,102,421,8,38,54.9,24.0,4.1,26.3,6.4,9,PBAP-2AP MVP-2AP OPoY-4,AlleJo02
146,6.0,Justin Herbert,22.0,LAC,QB,15.0,15.0,6/9/00,396.0,595.0,66.6,4336.0,31.0,5.2,10.0,1.7,216.0,47.8,72.0,7.3,7.57,10.9,289.1,98.3,62.6,32.0,218.0,5.1,6.57,6.84,1.0,3.0,AP ORoY-1,HerbJu00,2020.0,83,22,LAC,QB,15,15,55,234,5,20,49.1,31.0,4.3,15.6,3.7,8,AP ORoY-1,HerbJu00
147,7.0,Aaron Rodgers,37.0,GNB,QB,16.0,16.0,13-3-0,372.0,526.0,70.7,4299.0,48.0,9.1,5.0,1.0,216.0,55.3,78.0,8.2,9.57,11.6,268.7,121.5,79.8,20.0,182.0,3.66,7.54,8.89,1.0,2.0,PBAP-1AP MVP-1AP OPoY-2,RodgAa00,2020.0,101,37,GNB,QB,16,16,38,149,3,15,55.3,14.0,3.9,9.3,2.4,4,PBAP-1AP MVP-1AP OPoY-2,RodgAa00
148,8.0,Kirk Cousins,32.0,MIN,QB,16.0,16.0,7/9/00,349.0,516.0,67.6,4265.0,35.0,6.8,13.0,2.5,212.0,51.2,71.0,8.3,8.49,12.2,266.6,105.0,55.8,39.0,256.0,7.03,7.22,7.43,1.0,3.0,,CousKi00,2020.0,112,32,MIN,QB,16,16,32,156,1,16,59.4,16.0,4.9,9.8,2.0,9,,CousKi00
149,9.0,Russell Wilson,32.0,SEA,QB,16.0,16.0,12/4/00,384.0,558.0,68.8,4212.0,40.0,7.2,13.0,2.3,213.0,51.4,62.0,7.5,7.93,11.0,263.3,105.1,67.1,47.0,301.0,7.77,6.46,6.82,3.0,3.0,PB,WilsRu00,2020.0,63,32,SEA,QB,16,16,83,513,2,25,50.6,38.0,6.2,32.1,5.2,7,PB,WilsRu00
150,11.0,Derek Carr,29.0,LVR,QB,16.0,16.0,8/8/00,348.0,517.0,67.3,4103.0,27.0,5.2,9.0,1.7,192.0,50.6,85.0,7.9,8.2,11.8,256.4,101.4,64.3,26.0,150.0,4.79,7.28,7.53,3.0,5.0,,CarrDe02,2020.0,98,29,LVR,QB,16,16,39,140,3,16,53.8,18.0,3.6,8.8,2.4,11,,CarrDe02
151,12.0,Matthew Stafford,32.0,DET,QB,16.0,16.0,5/11/00,339.0,528.0,64.2,4084.0,26.0,4.9,10.0,1.9,205.0,47.9,73.0,7.7,7.87,12.0,255.3,96.3,61.3,38.0,254.0,6.71,6.77,6.89,3.0,4.0,,StafMa00,2020.0,121,32,DET,QB,16,16,29,112,0,12,51.7,17.0,3.9,7.0,1.8,2,,StafMa00
152,13.0,Kyler Murray,23.0,ARI,QB,16.0,16.0,8/8/00,375.0,558.0,67.2,3971.0,26.0,4.7,12.0,2.2,205.0,48.9,80.0,7.1,7.08,10.6,248.2,94.3,61.9,27.0,176.0,4.62,6.49,6.45,3.0,4.0,PB,MurrKy00,2020.0,36,23,ARI,QB,16,16,133,819,11,52,57.1,48.0,6.2,51.2,8.3,9,PB,MurrKy00
153,14.0,Jared Goff,26.0,LAR,QB,15.0,15.0,9/6/00,370.0,552.0,67.0,3952.0,20.0,3.6,13.0,2.4,194.0,51.8,56.0,7.2,6.82,10.7,263.5,90.0,50.8,23.0,161.0,4.0,6.59,6.27,0.0,1.0,,GoffJa00,2020.0,91,26,LAR,QB,15,15,51,99,4,12,37.3,10.0,1.9,6.6,3.4,7,,GoffJa00
154,15.0,Ryan Tannehill,32.0,TEN,QB,16.0,16.0,11/5/00,315.0,481.0,65.5,3819.0,33.0,6.9,7.0,1.5,202.0,52.1,75.0,7.9,8.66,12.1,238.7,106.5,72.6,24.0,173.0,4.75,7.22,7.9,5.0,6.0,,TannRy00,2020.0,95,32,TEN,QB,16,16,43,266,7,22,67.4,45.0,6.2,16.6,2.7,6,,TannRy00
155,16.0,Ben Roethlisberger,38.0,PIT,QB,15.0,15.0,12/3/00,399.0,608.0,65.6,3803.0,33.0,5.4,10.0,1.6,193.0,48.6,84.0,6.3,6.6,9.5,253.5,94.1,52.5,13.0,118.0,2.09,5.93,6.27,4.0,4.0,AP CPoY-2,RoetBe00,2020.0,128,38,PIT,QB,15,15,25,11,0,3,12.0,11.0,0.4,0.7,1.7,5,AP CPoY-2,RoetBe00
156,17.0,Teddy Bridgewater,28.0,CAR,QB,15.0,15.0,4/11/00,340.0,492.0,69.1,3733.0,15.0,3.0,11.0,2.2,174.0,46.1,75.0,7.6,7.19,11.0,248.9,92.1,56.8,31.0,205.0,5.93,6.75,6.37,0.0,0.0,,BridTe00,2020.0,88,28,CAR,QB,15,15,53,279,5,18,50.9,18.0,5.3,18.6,3.5,6,,BridTe00
157,18.0,Baker Mayfield,25.0,CLE,QB,16.0,16.0,11/5/00,305.0,486.0,62.8,3563.0,26.0,5.3,8.0,1.6,188.0,49.4,75.0,7.3,7.66,11.7,222.7,95.9,65.5,26.0,162.0,5.08,6.64,6.96,2.0,2.0,,MayfBa00,2020.0,87,25,CLE,QB,16,16,54,165,1,18,46.3,28.0,3.1,10.3,3.4,8,,MayfBa00
158,19.0,Daniel Jones,23.0,NYG,QB,14.0,14.0,5/9/00,280.0,448.0,62.5,2943.0,11.0,2.5,10.0,2.2,157.0,42.8,53.0,6.6,6.06,10.5,210.2,80.4,54.0,45.0,286.0,9.13,5.39,4.92,0.0,0.0,,JoneDa05,2020.0,73,23,NYG,QB,14,14,65,423,1,17,44.6,80.0,6.5,30.2,4.6,10,,JoneDa05
159,21.0,Drew Lock,24.0,DEN,QB,13.0,13.0,4/9/00,254.0,443.0,57.3,2933.0,16.0,3.6,15.0,3.4,145.0,41.1,92.0,6.6,5.82,11.5,225.6,75.4,41.2,19.0,123.0,4.11,6.08,5.31,1.0,1.0,,LockDr00,2020.0,94,24,DEN,QB,13,13,44,160,3,13,52.3,16.0,3.6,12.3,3.4,8,,LockDr00
160,22.0,Lamar Jackson,23.0,BAL,QB,15.0,15.0,11/4/00,242.0,376.0,64.4,2757.0,26.0,6.9,9.0,2.4,138.0,46.2,47.0,7.3,7.64,11.4,183.8,99.3,67.3,29.0,160.0,7.16,6.41,6.7,1.0,1.0,,JackLa00,2020.0,22,23,BAL,QB,15,15,159,1005,7,56,51.6,50.0,6.3,67.0,10.6,10,,JackLa00
161,23.0,Joe Burrow,24.0,CIN,QB,10.0,10.0,2/7/01,264.0,404.0,65.3,2688.0,13.0,3.2,5.0,1.2,150.0,47.2,67.0,6.7,6.74,10.2,268.8,89.8,48.5,32.0,231.0,7.34,5.64,5.72,0.0,0.0,,BurrJo01,2020.0,102,24,CIN,QB,10,10,37,142,3,14,54.1,23.0,3.8,14.2,3.7,9,,BurrJo01
162,24.0,Cam Newton,31.0,NWE,QB,15.0,15.0,7/8/00,242.0,368.0,65.8,2657.0,8.0,2.2,10.0,2.7,133.0,45.9,50.0,7.2,6.43,11.0,177.1,82.9,39.4,31.0,195.0,7.77,6.17,5.44,1.0,3.0,,NewtCa00,2020.0,34,31,NWE,QB,15,15,137,592,12,55,54.0,49.0,4.3,39.5,9.1,6,,NewtCa00
163,25.0,Carson Wentz,28.0,PHI,QB,12.0,12.0,3/8/01,251.0,437.0,57.4,2620.0,16.0,3.7,15.0,3.4,130.0,40.0,59.0,6.0,5.18,10.4,218.3,72.8,41.9,50.0,326.0,10.27,4.71,3.98,3.0,2.0,,WentCa00,2020.0,90,28,PHI,QB,12,12,52,276,5,25,63.5,40.0,5.3,23.0,4.3,10,,WentCa00
164,27.0,Gardner Minshew II,24.0,JAX,QB,9.0,8.0,1/7/00,216.0,327.0,66.1,2259.0,16.0,4.9,5.0,1.5,117.0,48.0,51.0,6.9,7.2,10.5,251.0,95.9,44.0,27.0,147.0,7.63,5.97,6.23,1.0,1.0,,MinsGa00,2020.0,119,24,JAX,QB,9,8,29,153,1,10,55.2,16.0,5.3,17.0,3.2,5,,MinsGa00
165,28.0,Sam Darnold,23.0,NYJ,QB,12.0,12.0,2/10/00,217.0,364.0,59.6,2208.0,9.0,2.5,11.0,3.0,109.0,38.3,69.0,6.1,5.2,10.2,184.0,72.7,32.9,35.0,234.0,8.77,4.95,4.16,0.0,0.0,,DarnSa00,2020.0,103,23,NYJ,QB,12,12,37,217,2,13,59.5,46.0,5.9,18.1,3.1,4,,DarnSa00
166,29.0,Andy Dalton,33.0,DAL,QB,11.0,9.0,4/5/00,216.0,333.0,64.9,2170.0,14.0,4.2,8.0,2.4,116.0,48.2,69.0,6.5,6.28,10.0,197.3,87.3,46.1,24.0,184.0,6.72,5.56,5.34,2.0,3.0,,DaltAn00,2020.0,123,33,DAL,QB,11,9,28,114,0,11,50.0,13.0,4.1,10.4,2.5,2,,DaltAn00
167,30.0,Ryan Fitzpatrick,38.0,MIA,QB,9.0,7.0,4/3/00,183.0,267.0,68.5,2091.0,13.0,4.9,8.0,3.0,106.0,54.4,70.0,7.8,7.46,11.4,232.3,95.6,70.9,14.0,65.0,4.98,7.21,6.85,1.0,1.0,,FitzRy00,2020.0,116,38,MIA,QB,9,7,30,151,2,12,53.3,17.0,5.0,16.8,3.3,2,,FitzRy00
168,31.0,Mitchell Trubisky,26.0,CHI,QB,10.0,9.0,6/3/00,199.0,297.0,67.0,2055.0,16.0,5.4,8.0,2.7,124.0,53.7,53.0,6.9,6.78,10.3,205.5,93.5,53.8,18.0,125.0,5.71,6.13,6.0,1.0,1.0,,TrubMi00,2020.0,111,26,CHI,QB,10,9,33,195,1,12,63.6,45.0,5.9,19.5,3.3,6,,TrubMi00
169,34.0,Tua Tagovailoa,22.0,MIA,QB,10.0,9.0,6/3/00,186.0,290.0,64.1,1814.0,11.0,3.8,5.0,1.7,100.0,47.7,35.0,6.3,6.24,9.8,181.4,87.1,44.8,20.0,136.0,6.45,5.41,5.4,2.0,2.0,,TagoTu00,2020.0,104,22,MIA,QB,10,9,36,109,3,13,52.8,17.0,3.0,10.9,3.6,1,,TagoTu00
170,36.0,Dwayne Haskins,23.0,WAS,QB,7.0,6.0,1/5/00,148.0,241.0,61.4,1439.0,5.0,2.1,7.0,2.9,73.0,37.9,50.0,6.0,5.08,9.7,205.6,73.0,24.8,20.0,141.0,7.66,4.97,4.15,1.0,1.0,,HaskDw00,2020.0,134,23,WAS,QB,7,6,20,46,1,6,40.0,19.0,2.3,6.6,2.9,6,,HaskDw00
171,39.0,Jalen Hurts,22.0,PHI,QB,15.0,4.0,1/3/00,77.0,148.0,52.0,1061.0,6.0,4.1,4.0,2.7,45.0,38.5,81.0,7.2,6.76,13.8,70.7,77.6,33.8,13.0,59.0,8.07,6.22,5.85,0.0,0.0,,HurtJa00,2020.0,76,22,PHI,QB,15,4,63,354,3,25,50.8,24.0,5.6,23.6,4.2,9,,HurtJa00
172,1.0,Jameis Winston,25.0,TAM,QB,16.0,16.0,7/9/00,380.0,626.0,60.7,5109.0,33.0,5.3,30.0,4.8,243.0,46.7,71.0,8.2,7.06,13.4,319.3,84.3,55.7,47.0,282.0,6.98,7.17,6.15,2.0,2.0,,WinsJa00,2019.0,70,25,TAM,QB,16,16,59,250,1,18,37.3,26.0,4.2,15.6,3.7,12,,WinsJa00
173,2.0,Dak Prescott,26.0,DAL,QB,16.0,16.0,8/8/00,388.0,596.0,65.1,4902.0,30.0,5.0,11.0,1.8,229.0,52.3,62.0,8.2,8.4,12.6,306.4,99.7,71.9,23.0,151.0,3.72,7.68,7.84,0.0,0.0,,PresDa01,2019.0,78,26,DAL,QB,16,16,52,277,3,19,46.2,42.0,5.3,17.3,3.3,6,,PresDa01
174,3.0,Jared Goff,25.0,LAR,QB,16.0,16.0,9/7/00,394.0,626.0,62.9,4638.0,22.0,3.5,16.0,2.6,220.0,47.7,66.0,7.4,6.96,11.8,289.9,86.5,50.6,22.0,170.0,3.4,6.9,6.46,1.0,2.0,,GoffJa00,2019.0,100,25,LAR,QB,16,16,33,40,2,5,30.3,8.0,1.2,2.5,2.1,10,,GoffJa00
175,5.0,Matt Ryan,34.0,ATL,QB,15.0,15.0,7/8/00,408.0,616.0,66.2,4466.0,26.0,4.2,14.0,2.3,228.0,46.5,93.0,7.3,7.07,10.9,297.7,92.1,59.6,48.0,316.0,7.23,6.25,6.08,3.0,2.0,,RyanMa00,2019.0,98,34,ATL,QB,15,15,34,147,1,10,50.0,12.0,4.3,9.8,2.3,9,,RyanMa00
176,6.0,Russell Wilson,31.0,SEA,QB,16.0,16.0,11/5/00,341.0,516.0,66.1,4110.0,31.0,6.0,5.0,1.0,190.0,49.6,60.0,8.0,8.73,12.1,256.9,106.3,71.5,48.0,319.0,8.51,6.72,7.42,4.0,5.0,PBAP-2AP OPoY-4,WilsRu00,2019.0,55,31,SEA,QB,16,16,75,342,3,17,41.3,21.0,4.6,21.4,4.7,8,PBAP-2AP OPoY-4,WilsRu00
177,7.0,Tom Brady,42.0,NWE,QB,16.0,16.0,12/4/00,373.0,613.0,60.8,4057.0,24.0,3.9,8.0,1.3,193.0,44.1,59.0,6.6,6.81,10.9,253.6,88.0,55.7,27.0,185.0,4.22,6.05,6.24,1.0,1.0,,BradTo00,2019.0,113,42,NWE,QB,16,16,26,34,3,8,34.6,17.0,1.3,2.1,1.6,4,,BradTo00
178,8.0,Derek Carr,28.0,OAK,QB,16.0,16.0,7/9/00,361.0,513.0,70.4,4054.0,21.0,4.1,8.0,1.6,191.0,50.7,75.0,7.9,8.02,11.2,253.4,100.8,64.1,29.0,184.0,5.35,7.14,7.25,2.0,3.0,,CarrDe02,2019.0,110,28,OAK,QB,16,16,27,82,2,7,33.3,15.0,3.0,5.1,1.7,7,,CarrDe02
179,9.0,Carson Wentz,27.0,PHI,QB,16.0,16.0,9/7/00,388.0,607.0,63.9,4039.0,27.0,4.4,7.0,1.2,213.0,48.4,53.0,6.7,7.02,10.4,252.4,93.1,62.8,37.0,230.0,5.75,5.91,6.26,2.0,4.0,AP CPoY-5,WentCa00,2019.0,66,27,PHI,QB,16,16,62,243,1,21,62.9,19.0,3.9,15.2,3.9,16,AP CPoY-5,WentCa00
180,10.0,Patrick Mahomes,24.0,KAN,QB,14.0,14.0,11/3/00,319.0,484.0,65.9,4031.0,26.0,5.4,5.0,1.0,176.0,50.9,83.0,8.3,8.94,12.6,287.9,105.3,77.7,17.0,127.0,3.39,7.79,8.38,1.0,1.0,PBAP OPoY-4,MahoPa00,2019.0,87,24,KAN,QB,14,14,43,218,2,15,41.9,25.0,5.1,15.6,3.1,3,PBAP OPoY-4,MahoPa00
181,11.0,Aaron Rodgers,36.0,GNB,QB,16.0,16.0,13-3-0,353.0,569.0,62.0,4002.0,26.0,4.6,4.0,0.7,189.0,44.0,74.0,7.0,7.63,11.3,250.1,95.4,52.5,36.0,284.0,5.95,6.15,6.71,2.0,3.0,PB,RodgAa00,2019.0,84,36,GNB,QB,16,16,46,183,1,9,34.8,17.0,4.0,11.4,2.9,4,PB,RodgAa00
182,12.0,Jimmy Garoppolo,28.0,SFO,QB,16.0,16.0,13-3-0,329.0,476.0,69.1,3978.0,27.0,5.7,13.0,2.7,193.0,48.6,75.0,8.4,8.26,12.1,248.6,102.0,60.8,36.0,237.0,7.03,7.31,7.22,4.0,4.0,AP CPoY-2,GaroJi00,2019.0,83,28,SFO,QB,16,16,46,62,1,13,32.6,11.0,1.3,3.9,2.9,10,AP CPoY-2,GaroJi00
183,13.0,Deshaun Watson,24.0,HOU,QB,15.0,15.0,10/5/00,333.0,495.0,67.3,3852.0,26.0,5.3,12.0,2.4,191.0,49.4,54.0,7.8,7.74,11.6,256.8,98.0,70.5,44.0,257.0,8.16,6.67,6.63,3.0,5.0,PB,WatsDe00,2019.0,53,24,HOU,QB,15,15,82,413,7,29,48.8,30.0,5.0,27.5,5.5,10,PB,WatsDe00
184,14.0,Baker Mayfield,24.0,CLE,QB,16.0,16.0,6/10/00,317.0,534.0,59.4,3827.0,22.0,4.1,21.0,3.9,179.0,42.5,89.0,7.2,6.22,12.1,239.2,78.8,54.4,40.0,285.0,6.97,6.17,5.29,1.0,1.0,,MayfBa00,2019.0,109,24,CLE,QB,16,16,28,141,3,15,57.1,18.0,5.0,8.8,1.8,6,,MayfBa00
185,15.0,Kyler Murray,22.0,ARI,QB,16.0,16.0,5/10/01,349.0,542.0,64.4,3722.0,20.0,3.7,12.0,2.2,173.0,43.7,88.0,6.9,6.61,10.7,232.6,87.4,57.7,48.0,309.0,8.14,5.78,5.55,1.0,2.0,AP ORoY-1,MurrKy00,2019.0,49,22,ARI,QB,16,16,93,544,4,27,48.4,35.0,5.8,34.0,5.8,5,AP ORoY-1,MurrKy00
186,16.0,Kirk Cousins,31.0,MIN,QB,15.0,15.0,10/5/00,307.0,444.0,69.1,3603.0,26.0,5.9,6.0,1.4,165.0,50.4,66.0,8.1,8.68,11.7,240.2,107.4,60.4,28.0,206.0,5.93,7.2,7.73,1.0,1.0,PB,CousKi00,2019.0,104,31,MIN,QB,15,15,31,63,1,8,41.9,14.0,2.0,4.2,2.1,10,PB,CousKi00
187,17.0,Ryan Fitzpatrick,37.0,MIA,QB,15.0,13.0,5/8/00,311.0,502.0,62.0,3529.0,20.0,4.0,13.0,2.6,182.0,45.0,51.0,7.0,6.66,11.3,235.3,85.5,68.3,40.0,209.0,7.38,6.13,5.78,3.0,4.0,,FitzRy00,2019.0,73,37,MIA,QB,15,13,54,243,4,16,51.9,20.0,4.5,16.2,3.6,9,,FitzRy00
188,18.0,Andy Dalton,32.0,CIN,QB,13.0,13.0,2/11/00,314.0,528.0,59.5,3494.0,16.0,3.0,14.0,2.7,170.0,42.7,66.0,6.6,6.03,11.1,268.8,78.3,42.1,37.0,249.0,6.55,5.74,5.19,0.0,0.0,,DaltAn00,2019.0,102,32,CIN,QB,13,13,32,73,4,12,43.8,17.0,2.3,5.6,2.5,8,,DaltAn00
189,19.0,Kyle Allen,23.0,CAR,QB,13.0,12.0,5/7/00,303.0,489.0,62.0,3322.0,17.0,3.5,16.0,3.3,188.0,46.7,52.0,6.8,6.02,11.0,255.5,80.0,38.3,46.0,397.0,8.6,5.47,4.76,0.0,1.0,,AlleKy00,2019.0,101,23,CAR,QB,13,12,32,106,2,9,31.3,17.0,3.3,8.2,2.5,13,,AlleKy00
190,20.0,Gardner Minshew II,23.0,JAX,QB,14.0,12.0,6/6/00,285.0,470.0,60.6,3271.0,21.0,4.5,6.0,1.3,150.0,41.9,70.0,7.0,7.28,11.5,233.6,91.2,44.6,33.0,184.0,6.56,6.14,6.44,3.0,3.0,,MinsGa00,2019.0,58,23,JAX,QB,14,12,67,344,0,20,43.3,21.0,5.1,24.6,4.8,12,,MinsGa00
191,21.0,Mitchell Trubisky,25.0,CHI,QB,15.0,15.0,8/7/00,326.0,516.0,63.2,3138.0,17.0,3.3,10.0,1.9,156.0,43.3,53.0,6.1,5.87,9.6,209.2,83.0,41.5,38.0,234.0,6.86,5.24,5.04,3.0,3.0,,TrubMi00,2019.0,82,25,CHI,QB,15,15,48,193,2,12,43.8,23.0,4.0,12.9,3.2,5,,TrubMi00
192,22.0,Lamar Jackson,22.0,BAL,QB,15.0,15.0,13-2-0,265.0,401.0,66.1,3127.0,36.0,9.0,6.0,1.5,161.0,50.5,83.0,7.8,8.92,11.8,208.5,113.3,83.0,23.0,106.0,5.42,7.13,8.19,1.0,2.0,PBAP-1AP MVP-1AP OPoY-2,JackLa00,2019.0,23,22,BAL,QB,15,15,176,1206,7,71,58.0,47.0,6.9,80.4,11.7,9,PBAP-1AP MVP-1AP OPoY-2,JackLa00
193,23.0,Josh Allen,23.0,BUF,QB,16.0,16.0,10/6/00,271.0,461.0,58.8,3089.0,20.0,4.3,9.0,2.0,146.0,41.7,53.0,6.7,6.69,11.4,193.1,85.3,49.4,38.0,237.0,7.62,5.72,5.71,4.0,5.0,,AlleJo02,2019.0,42,23,BUF,QB,16,16,109,510,9,42,54.1,36.0,4.7,31.9,6.8,14,,AlleJo02
194,24.0,Daniel Jones,22.0,NYG,QB,13.0,12.0,3/9/00,284.0,459.0,61.9,3027.0,24.0,5.2,12.0,2.6,140.0,41.0,75.0,6.6,6.46,10.7,232.8,87.7,55.7,38.0,295.0,7.65,5.5,5.38,1.0,2.0,,JoneDa05,2019.0,85,22,NYG,QB,13,12,45,279,2,21,66.7,26.0,6.2,21.5,3.5,19,,JoneDa05
195,25.0,Sam Darnold,22.0,NYJ,QB,13.0,13.0,7/6/00,273.0,441.0,61.9,3024.0,19.0,4.3,13.0,2.9,147.0,43.7,92.0,6.9,6.39,11.1,232.6,84.3,45.6,33.0,212.0,6.96,5.93,5.5,2.0,3.0,,DarnSa00,2019.0,99,22,NYJ,QB,13,13,33,62,2,6,27.3,24.0,1.9,4.8,2.5,11,,DarnSa00
196,27.0,Jacoby Brissett,27.0,IND,QB,15.0,15.0,7/8/00,272.0,447.0,60.9,2942.0,18.0,4.0,6.0,1.3,143.0,42.8,50.0,6.6,6.78,10.8,196.1,88.0,52.1,27.0,159.0,5.7,5.87,6.06,2.0,2.0,,BrisJa00,2019.0,72,27,IND,QB,15,15,56,228,4,20,55.4,24.0,4.1,15.2,3.7,7,,BrisJa00
197,28.0,Ryan Tannehill,31.0,TEN,QB,12.0,10.0,7/3/00,201.0,286.0,70.3,2742.0,22.0,7.7,6.0,2.1,126.0,51.4,91.0,9.6,10.18,13.6,228.5,117.5,64.2,31.0,212.0,9.78,7.98,8.52,2.0,3.0,PBAP CPoY-1,TannRy00,2019.0,88,31,TEN,QB,12,10,43,185,4,14,46.5,25.0,4.3,15.4,3.6,5,PBAP CPoY-1,TannRy00
198,29.0,Matthew Stafford,31.0,DET,QB,8.0,8.0,3/4/01,187.0,291.0,64.3,2499.0,19.0,6.5,5.0,1.7,117.0,48.9,66.0,8.6,9.12,13.4,312.4,106.0,71.3,18.0,137.0,5.83,7.64,8.15,2.0,1.0,,StafMa00,2019.0,127,31,DET,QB,8,8,20,66,0,5,40.0,12.0,3.3,8.3,2.5,5,,StafMa00
199,31.0,Mason Rudolph,24.0,PIT,QB,10.0,8.0,5/3/00,176.0,283.0,62.2,1765.0,13.0,4.6,9.0,3.2,80.0,40.6,76.0,6.2,5.72,10.0,176.5,82.0,36.2,15.0,124.0,5.03,5.51,5.02,1.0,1.0,,RudoMa00,2019.0,124,24,PIT,QB,10,8,21,42,0,6,33.3,13.0,2.0,4.2,2.1,4,,RudoMa00
200,33.0,Teddy Bridgewater,27.0,NOR,QB,9.0,5.0,5-0-0,133.0,196.0,67.9,1384.0,9.0,4.6,2.0,1.0,67.0,47.1,45.0,7.1,7.52,10.4,153.8,99.1,50.9,12.0,89.0,5.77,6.23,6.66,1.0,2.0,AP CPoY-5,BridTe00,2019.0,108,27,NOR,QB,9,5,28,31,0,4,21.4,11.0,1.1,3.4,3.1,1,AP CPoY-5,BridTe00
201,34.0,Dwayne Haskins,22.0,WAS,QB,9.0,7.0,2/5/00,119.0,203.0,58.6,1365.0,7.0,3.4,7.0,3.4,65.0,38.8,75.0,6.7,5.86,11.5,151.7,76.1,28.0,29.0,204.0,12.5,5.0,4.25,1.0,1.0,,HaskDw00,2019.0,126,22,WAS,QB,9,7,20,101,0,7,40.0,23.0,5.1,11.2,2.2,6,,HaskDw00
202,35.0,Marcus Mariota,26.0,TEN,QB,7.0,6.0,2/4/00,95.0,160.0,59.4,1203.0,7.0,4.4,2.0,1.3,50.0,34.6,75.0,7.5,7.83,12.7,171.9,92.3,35.5,25.0,162.0,13.51,5.63,5.9,0.0,0.0,,MariMa01,2019.0,114,26,TEN,QB,7,6,24,129,0,5,50.0,15.0,5.4,18.4,3.4,3,,MariMa01
203,36.0,Devlin Hodges,23.0,PIT,QB,8.0,6.0,3/3/00,100.0,160.0,62.5,1063.0,5.0,3.1,8.0,5.0,51.0,38.9,79.0,6.6,5.02,10.6,132.9,71.4,31.8,15.0,102.0,8.57,5.49,4.01,0.0,1.0,,HodgDe00,2019.0,123,23,PIT,QB,8,6,21,68,0,5,28.6,22.0,3.2,8.5,2.6,5,,HodgDe00
204,41.0,Jeff Driskel,26.0,DET,QB,3.0,3.0,0-3-0,62.0,105.0,59.0,685.0,4.0,3.8,4.0,3.8,31.0,37.9,47.0,6.5,5.57,11.0,228.3,75.3,49.9,11.0,46.0,9.48,5.51,4.65,0.0,0.0,,DrisJe00,2019.0,118,26,DET,QB,3,3,22,151,1,10,72.7,23.0,6.9,50.3,7.3,1,,DrisJe00
